Arbis Blanc,31,1,123.45678,123.45678,,,,2,2011,,4,6000,Borgo San Daniele,10001,0.99
感謝,43,1,123.45678,123.45678,,,,1,,,3,,シャトー勝沼,10001,0.99
Baralo Gabutti Bussia,31,1,123.45678,123.45678,,,,1,2009,,3,20000,Stroppiana,10001,0.99
Bordeaux,6,1,123.45678,123.45678,4,,3,1,2012,,3,,Ch. Moulinat,10001,0.99
Riserva Dosaggio Zero,31,1,123.45678,123.45678,3,,4,4,2004,,3,8000,Villa Crespia Franciacorta,10001,0.99
完熟ぶどうのおいしいワイン,43,1,123.45678,123.45678,1,,1,1,2014,,3,999,メルシャン,10001,0.99
Soave,31,1,123.45678,123.45678,2,,4,2,2013,,3,999,Poggio al Sale,10001,0.99
完熟ぶどうのおいしいワイン ブラン,43,1,123.45678,123.45678,1,,1,2,2014,,3,999,メルシャン,10001,0.99
Brut,31,1,123.45678,123.45678,,,,4,,,3,1250,Martini,10001,0.99
Sauvignon Blanc,53,1,123.45678,123.45678,2,,2,2,2013,,4,999,McGuigan Estate,10001,0.99
Merlot,53,1,123.45678,123.45678,,,,1,2013,,4,999,McGuigan Estate,10001,0.99
Sauvignon Blanc,44,1,123.45678,123.45678,2,,4,2,2013,,3,1250,kapuka,10001,0.99
Madonna della scoperta,31,1,123.45678,123.45678,3,,4,2,2009,,4,6000,Perla del Garda,10001,0.99
Ombrone Sant' Antimo,31,1,123.45678,123.45678,4,,3,1,2010,,3,8000,Cupano,10001,0.99
Cabernet Sauvignon Reserva,87,1,123.45678,123.45678,2,,4,1,2011,,2,1250,J. Joostenberg,10001,0.99
Malbec,77,1,123.45678,123.45678,4,,2,1,2013,,3,999,Altosur,10001,0.99
Chardonney,77,1,123.45678,123.45678,2,,2,2,2013,,2,999,Altosur,10001,0.99
Malbec,77,1,123.45678,123.45678,3,,2,1,2013,,3,999,Santa Ana,10001,0.99
Tempranillo Crianza,118,1,123.45678,123.45678,5,,1,1,,,3,1750,Gladium,10001,0.99
Neo Vivir Vivir,118,1,123.45678,123.45678,3,,4,1,,,3,1250,Bodegas Conde,10001,0.99
Schioppettino,31,1,123.45678,123.45678,5,,4,1,2007,,4,6000,Moschioni Colli Orientali del Friuli,10001,0.99
Donpa Aglianico del Vulture,31,1,123.45678,123.45678,4,,4,1,2009,,3,1250,Regio Cantina,10001,0.99
Mia Tinto,118,1,123.45678,123.45678,3,,2,1,2012,,2,1250,Freixenet,10001,0.99
Pink Moscato,53,1,123.45678,123.45678,2,,2,3,,,3,999,Yellow Tail,10001,0.99
Carmenere,128,1,123.45678,123.45678,4,,2,1,2012,,2,1250,Root: 1,10001,0.99
Kozana,144,1,123.45678,123.45678,4,,,2,2009,,4,8000,Edi Simcic,10001,0.99
Cabernet Sauvignon,151,1,123.45678,123.45678,3,,3,1,,,4,1250,Carlo Rossi,10001,0.99
Syrah,118,1,123.45678,123.45678,,,,1,2011,,3,1250,Penascal Estate,10001,0.99
Sauvignon Blanc,118,1,123.45678,123.45678,,,,2,2011,,3,1250,Penascal Estate,10001,0.99
California Chardonnay,151,1,123.45678,123.45678,2,,,2,,,3,1250,Carlo Rossi,10001,0.99
Vaucluse,6,1,123.45678,123.45678,,,,1,,,2,999,Cuvee des Lanciers,10001,0.99
Cotes da Gascogne,6,1,123.45678,123.45678,2,,4,2,,,2,999,Cuvee des Lanciers,10001,0.99
Pinot Noir,128,1,123.45678,123.45678,3,,3,1,2011,,3,1250,Llai Llai,10001,0.99
Bolgheri Superiore,31,1,123.45678,123.45678,,,,1,2009,,3,20000,I Luoghi Campo al Fico,10001,0.99
酸化防止剤無添加 おいしい赤ワイン まろやかテイスト,43,1,123.45678,123.45678,2,,2,1,2014,,2,999,メルシャン,10001,0.99
酸化防止剤無添加 おいしい白ワイン すっきり,43,1,123.45678,123.45678,,,1,2,2014,,2,999,メルシャン,10001,0.99
Carmenere Reserva,128,1,123.45678,123.45678,4,,2,1,2012,,3,1250,Explorer,10001,0.99
Chapeau Bleu Rouge,6,1,123.45678,123.45678,2,,4,1,,,3,999,Aujoux,10001,0.99
Yosemite Road Cabernet Sauvignon,151,1,123.45678,123.45678,2,,2,1,,,3,999,Seven Eleven,10001,0.99
Yosemite Road Chardonnay,151,1,123.45678,123.45678,2,,5,2,,,2,999,Seven Eleven,10001,0.99
Premium,6,1,123.45678,123.45678,,,,1,2011,,2,1250,Beau Rivage,10001,0.99
Vinga da Solagna,31,1,123.45678,123.45678,3,,3,1,2006,,3,6000,Lucesole,10001,0.99
Brut Rose,6,1,123.45678,123.45678,2,,2,4,,,3,4000,Paul Goerg,10001,0.99
Sonoma County Old Vine Zinfandel,151,1,123.45678,123.45678,4,,2,1,2010,,3,,Ravenswood,10001,0.99
Angelo Moscato Spumante,31,1,123.45678,123.45678,2,,2,4,,,3,999,Perlino,10001,0.99
Corralillo Chardonnay,128,1,123.45678,123.45678,2,,2,2,2012,,3,999,Matetic Vineyards,10001,0.99
Corralillo Syrah,128,1,123.45678,123.45678,4,,3,1,2011,,4,999,Matetic Vineyards,10001,0.99
Vinho Verde,47,1,123.45678,123.45678,2,,2,4,,,3,999,Gatao,10001,0.99
White Chardonnay,6,1,123.45678,123.45678,3,,4,2,2011,,3,999,Bree,10001,0.99
Red Merlot,6,1,123.45678,123.45678,2,,2,1,2011,,3,999,Bree,10001,0.99
Beaujolais Villages Nouveau Vieilles Vignes,6,1,123.45678,123.45678,2,,3,1,2013,,2,1250,Charles Drapier,10001,0.99
Winemakers Collection Chardonnay,87,1,123.45678,123.45678,2,,1,2,2012,,3,999,Drostdy Hof,10001,0.99
Maipe Torrontes,77,1,123.45678,123.45678,2,,4,2,,,3,999,Chakana,10001,0.99
Sauvignon Blanc,128,1,123.45678,123.45678,1,,4,2,,,3,999,Alegremente,10001,0.99
Scpio,31,1,123.45678,123.45678,,,,1,2007,,4,20000,Tenuta dei Sete Cieli,10001,0.99
Cabernet Sauvignon,128,1,123.45678,123.45678,2,,2,1,,,3,999,Alegremente,10001,0.99
Rouge,6,1,123.45678,123.45678,4,,2,1,2009,,3,,Ch. Moulin de Bernat,10001,0.99
La Escondida Malbec,77,1,123.45678,123.45678,3,,2,1,2012,,2,999,Finca,10001,0.99
Bollicine Brut Rose,31,1,123.45678,123.45678,,,,4,,,3,1250,Perlino,10001,0.99
Kakovostno Anfora,144,1,123.45678,123.45678,,,,2,2006,,5,20000,Kabaj,10001,0.99
Nero d'Avola Syrah,31,1,123.45678,123.45678,4,,4,1,2011,,2,999,Feudo Zirtari,10001,0.99
Cabernet Sauvignon delle Venezie,31,1,123.45678,123.45678,,,,1,2010,,2,999,oneglass wine,10001,0.99
Vermentino Toscana,31,1,123.45678,123.45678,,,,2,2011,,2,999,oneglass wine,10001,0.99
Reserva Cabernet Sauvignon,128,1,123.45678,123.45678,4,,2,1,,,2,1250,Caliterra,10001,0.99
Reserva Chardonnay,128,1,123.45678,123.45678,2,,2,2,2012,,2,1250,Caliterra,10001,0.99
Nero d'Avola Syrah,31,1,123.45678,123.45678,,,,1,2011,,,,Feudo Zirtari,10001,0.99
Chardonney,31,1,123.45678,123.45678,,,,2,2012,,,,Feudo Zirtari,10001,0.99
Cabernet Sauvignon delle Venezie,31,1,123.45678,123.45678,,,,1,2010,,,,oneglass wine,10001,0.99
Vermentino Toscana,31,1,123.45678,123.45678,,,,2,2011,,,,oneglass wine,10001,0.99
Reserva Cabernet Sauvignon,128,1,123.45678,123.45678,,,,1,,,,,Caliterra,10001,0.99
Bonne journee マスカット甲州種,43,1,123.45678,123.45678,,,,2,2013,,,,,10001,0.99
Reserva Chardonnay,128,1,123.45678,123.45678,,,,2,,,,,Caliterra,10001,0.99
いちごワイン,43,1,123.45678,123.45678,,,,5,,,,,,10001,0.99
Cabernet Sauvignon,128,1,123.45678,123.45678,,,,1,,,,,Vinostar,10001,0.99
Sauvignon Semillion,128,1,123.45678,123.45678,,,,2,,,,,Vinostar,10001,0.99
那須の原,43,1,123.45678,123.45678,,,,2,,,,,,10001,0.99
那須の原,43,1,123.45678,123.45678,,,,1,,,,,,10001,0.99
Doc Fumin,31,1,123.45678,123.45678,,,,1,2011,,,,,10001,0.99
Quinta Chardonnay,128,1,123.45678,123.45678,,,,2,2012,,,,,10001,0.99
Gamay'fizz,6,1,123.45678,123.45678,,,,4,2008,,,,,10001,0.99
葡萄の城 Cellar Blanc,43,1,123.45678,123.45678,,,,2,,,,,,10001,0.99
Tinto,118,1,123.45678,123.45678,,,,1,2011,,,,Castro Regio,10001,0.99
Fresita,128,1,123.45678,123.45678,,,,4,2012,,,,,10001,0.99
Vermentino Aimone Vermentino ,31,1,123.45678,123.45678,,,,2,2012,,,,,10001,0.99
越後雪季 南魚沼市産メルロー,43,1,123.45678,123.45678,,,,2,2007,,,,,10001,0.99
Grenache,118,1,123.45678,123.45678,,,,1,2008,,,,Castillo de Tafalla,10001,0.99
ビウラ,118,1,123.45678,123.45678,,,,2,2012,,,,Hacienda Uvanis,10001,0.99
王様の涙 マカベロ・チャレロ・パレリャダ,118,1,123.45678,123.45678,,,,1,2012,,,,,10001,0.99
Tempranillo,118,1,123.45678,123.45678,,,,1,2012,,,,Los Molinos,10001,0.99
Sauvignon Blanc Tempranillo,31,1,123.45678,123.45678,,,,4,,,,,Leggaro,10001,0.99
甲州穂坂収穫 甲州種,43,1,123.45678,123.45678,,,,2,2012,,,,,10001,0.99
"Riserva ""Titinge"" モンテプルチアーノ",31,1,123.45678,123.45678,,,,1,2009,,,,,10001,0.99
王様の涙 マカベロ・チャレロ・パレリャダ,118,1,123.45678,123.45678,,,,2,2012,,,,,10001,0.99
Rosado Merlot Syrah Petit Verdot Cabernet Sauvignon,118,1,123.45678,123.45678,,,,3,2011,,,,Arrayan,10001,0.99
Altico,118,1,123.45678,123.45678,,,,1,2007,,,,,10001,0.99
Bordeaux,6,1,123.45678,123.45678,,,,2,2011,,,,Ch. les Tuileries,10001,0.99
Chiavennasca,31,1,123.45678,123.45678,,,,1,2009,,,,Dirupi,10001,0.99
Sauvignon Blanc,6,1,123.45678,123.45678,,,,2,2009,,,,Brumont,10001,0.99
Sauvignon Blanc,44,1,123.45678,123.45678,,,,4,2012,,,,Sileni,10001,0.99
酸化防止剤無添加のおいしいワイン,43,1,123.45678,123.45678,,,,2,,,,,,10001,0.99
Tempranillo,118,1,123.45678,123.45678,,,,2,2012,,,,Los Molinos,10001,0.99
ora Sangiovese,31,1,123.45678,123.45678,,,,1,2009,,,,,10001,0.99
Tapas Medium Body,118,1,123.45678,123.45678,,,,1,2009,,,,El Miracle,10001,0.99
