未登録ユーザー,test@test.com,unregisterd user,0,0,0,0,未登録,FALSE,,0,0,0,0,0,1
武田 修平,ec05@ezweb.ne.jp,manamiyuriko,23,0,14,11,大学院生,FALSE,俺が、俺たちがワインマスターだ！,1000,10000000,530000,5,1000,2
二宮 宇宙,h6tIoaT1yv8Ev@tukuba.ac.jp,oBmEDhCD,60,0,35,18,配管工,TRUE,朕は渋いワインが好き。,1,418,286,410,1,3
七井 瑞穂,SGtjV9Z3@hardbank.ne.jp,PDcDK60X,32,0,42,2,銀行員,FALSE,朕は渋いワインが好きよ！,2,661,766,131,2,4
一之瀬 優希,-ExK2UkAbx6@wiicom.com,yEkOTgO3,59,0,30,11,漁師,FALSE,俺は辛いワインが好きぞ！,3,371,484,212,3,5
五十嵐 宇宙,LMYJd430y3svxwE-@hero.ne.jp,wc8VoUxN,93,,24,8,小説家,,私は渋いワインが好きです。,4,229,670,126,4,6
七井 権三,-qykB83Yzj-DrO8u@bodafone.ne.jp,sRPhvRsH,55,0,21,11,料理人,TRUE,我は甘いワインが好き。,5,682,518,433,5,7
四条 守,v4FyHW@yafoo.co.jp,7z94jDdA,,1,34,19,公務員,TRUE,ミーは辛いワインが好きぞ！,6,250,45,491,6,8
五十嵐 賢二,Vf5g37T_FhjotJdpF@hardbank.ne.jp,0kDQaiWH,54,0,8,29,小説家,FALSE,私は辛いワインが好きよ！,7,107,73,952,7,9
三本松 優希,jyd5-Qeb2XAtB4k3fWLC@ibarakgi.ac.jp,YufURHGi,,1,25,16,銀行員,FALSE,我は苦いワインが好きぞ！,8,944,830,57,8,10
九十九 宇宙,kcJlFP1t@hero.ne.jp,eImmszgg,,1,20,19,システムエンジニア,,私は美味しいワインが好き。,9,966,644,212,9,11
四条 瑞穂,DpOAZU-OejsyIyX@wiicom.com,xdAJQieG,98,,7,5,役者,TRUE,朕は美味しいワインが好き。,10,849,912,819,10,12
三本松 守,xxn8uPHr4_M21__c0o_Y@bodafone.ne.jp,CQ3ZOUlJ,20,1,2,1,役者,,俺は美味しいワインが好きですわ。,11,665,129,968,11,13
三本松 中,LwOg41uaZ_a@bezew.ne.jp,StnIaCL8,,0,45,18,小説家,FALSE,ミーは辛いワインが好きよ！,12,251,96,261,12,14
九十九 優希,Aqe2dylHU@tukuba.ac.jp,ChITqaal,31,0,37,6,プロ野球選手,FALSE,朕は酸っぱいワインが好きよ！,13,852,754,760,13,15
三本松 優希,EZHx4I@wiicom.com,tJSLAPvs,71,,31,5,役者,TRUE,朕は酸っぱいワインが好きよ！,14,825,912,241,14,16
二宮 進,eYc7sCtaotlRNkhtTNUx@bezew.ne.jp,q2UwQhQu,98,0,5,8,公務員,FALSE,私は渋いワインが好きよ！,15,591,229,782,15,17
四条 宇宙,bgBX6UQ53R4sGRsFZ@hero.ne.jp,JuKFoLus,72,1,19,27,システムエンジニア,,俺は酸っぱいワインが好き。,16,630,12,912,16,18
七井 宇宙,6bQGavG5Y5Z@tukuba.ac.jp,F0ofK5v3,50,1,46,10,,FALSE,ミーは甘いワインが好き。,17,13,588,208,17,19
猪狩 塔哉,goMnN1iiScg8@wiicom.com,gh4eABVb,,1,24,39,政治家,FALSE,朕は辛いワインが好きですわ。,18,769,264,170,18,20
七井 進,fymRqLWOq@goole.com,TkWx1ZYk,50,0,41,2,漁師,FALSE,僕は美味しいワインが好きよ！,19,516,151,760,19,21
一之瀬 守,JUirSnabm6J6yFJwmp8@goole.com,L0ZnWekU,68,0,24,18,商社マン,TRUE,ミーは渋いワインが好き。,20,54,112,409,20,22
七井 中,BVvhppTC@bodafone.ne.jp,tAUNORmG,80,1,28,11,銀行員,TRUE,朕は甘いワインが好き。,21,431,131,751,21,23
八島 中,9Qf5C5ot@ibarakgi.ac.jp,gWxSRjBU,49,1,33,39,小説家,FALSE,ミーは美味しいワインが好きですわ。,22,453,177,746,22,24
猪狩 権三,_aHVBs2zNo@bodafone.ne.jp,ASFOgaFt,30,1,5,45,漁師,TRUE,ミーは酸っぱいワインが好きですわ。,23,834,289,728,23,25
三本松 進,8B27wQ-Gj@yafoo.co.jp,yM6o1KCB,82,0,17,42,,TRUE,,24,603,793,582,24,26
三本松 進,fJ72wYcfBbt1a@yafoo.co.jp,5cxVcVJ8,51,1,35,47,医者,FALSE,ミーは辛いワインが好きよ！,25,925,591,205,25,27
二宮 賢二,3ArcXRNr4yIbuh_cwYs@yafoo.co.jp,998x3gXM,50,1,30,32,プロ野球選手,,僕は美味しいワインが好きぞ！,26,468,736,946,26,28
五十嵐 宇宙,dcMK0U5AkJdzZww@dokoka.ne.jp,W2zFtgVA,,0,14,12,,FALSE,我は辛いワインが好きですわ。,27,181,168,573,27,29
八島 権三,qUb8jC9pmYxFbgolIO@hero.ne.jp,07KiwiVi,21,1,20,11,猟師,TRUE,朕は甘いワインが好きよ！,28,956,573,55,28,30
三本松 優希,Nw3igMIwvXGAb@hero.ne.jp,RfpbFHm2,87,1,45,39,無職,FALSE,俺は辛いワインが好きですわ。,29,631,465,817,29,31
三本松 宇宙,Iz5Ooo6IAzfhevIv@tukuba.ac.jp,Ld71BwCC,23,0,7,21,銀行員,FALSE,俺は酸っぱいワインが好き。,30,276,140,591,30,32
一之瀬 権三,q5IWuiGyCxAK7Kj@bodafone.ne.jp,Df9H0tE8,57,,2,16,猟師,FALSE,僕は渋いワインが好きよ！,31,919,312,262,31,33
一之瀬 賢二,SuKMBw0SnGZe1jQ@tukuba.ac.jp,1qBqPLNl,61,0,9,46,猟師,FALSE,,32,822,105,171,32,34
七井 宇宙,FyKAv@bezew.ne.jp,PsN4R69u,66,0,47,3,料理人,FALSE,俺は美味しいワインが好きよ！,33,717,787,469,33,35
六本木 優希,8mEYRQ@bodafone.ne.jp,bNZH41ba,47,1,25,47,無職,FALSE,俺は苦いワインが好きぞ！,34,510,21,314,34,36
一之瀬 瑞穂,tDWgfqu3q@bezew.ne.jp,JqBr5xj5,30,1,1,47,大学生,TRUE,僕は渋いワインが好きですわ。,35,571,845,512,35,37
五十嵐 一,bA6AWNo7sFnowyI@bezew.ne.jp,a37v0LVY,72,0,40,46,帝王,FALSE,僕は渋いワインが好きぞ！,36,149,184,166,36,38
四条 守,P_1DoJv@hero.ne.jp,ST4uJFuc,20,1,29,12,システムエンジニア,TRUE,我は苦いワインが好き。,37,317,455,975,37,39
四条 優希,aFBMH@dokoka.ne.jp,YyhXY5MU,81,0,35,7,,FALSE,ミーは苦いワインが好き。,38,113,264,455,38,40
三本松 瑞穂,VR9v_PeoEejyps0u@hero.ne.jp,TMrvnyQz,48,1,7,16,小説家,FALSE,朕は苦いワインが好きよ！,39,705,104,264,39,41
五十嵐 中,zck6czIekCkI_@goole.com,Cqqxx58h,56,1,3,34,漁師,FALSE,我は酸っぱいワインが好き。,40,648,599,505,40,42
二宮 瑞穂,fcjEbQf@yafoo.co.jp,aC43Kkcf,93,0,33,9,,,,41,411,673,64,41,43
猪狩 瑞穂,WwpKF116cYfKU@wiicom.com,YHb8gAlC,94,1,14,25,マフィア,TRUE,私は酸っぱいワインが好きです。,42,76,691,682,42,44
七井 一,kFGLBfc1iUlPk@bodafone.ne.jp,Hh5hRR6h,,1,4,22,,TRUE,,43,933,888,979,43,45
七井 優希,iAr1a@wiicom.com,mFE09IYX,86,0,24,7,帝王,FALSE,私は苦いワインが好きですわ。,44,305,277,700,44,46
六本木 守,VGBD3O1T_217NJ0QMV6_@wiicom.com,panMyQGb,78,0,27,37,政治家,FALSE,ミーは辛いワインが好きですわ。,45,628,820,984,45,47
三本松 一,EZ8FZIkKsNI53WF-n8Zk@yafoo.co.jp,AsTirnvA,,,3,6,傭兵,TRUE,我は辛いワインが好きですわ。,46,500,379,681,46,48
四条 瑞穂,7cBF44O@bezew.ne.jp,eCeLVul9,51,1,2,42,システムエンジニア,,私は苦いワインが好きです。,47,809,712,755,47,49
八島 宇宙,BUGMzc8GR1@goole.com,sGTb424X,83,1,11,10,システムエンジニア,TRUE,私は辛いワインが好きですわ。,48,164,114,155,48,50
一之瀬 優希,uFp6se-F-@wiicom.com,kle8pZCg,36,1,4,1,猟師,FALSE,朕は渋いワインが好きぞ！,49,829,756,64,49,51
五十嵐 賢二,Wm1794abPD4@wiicom.com,z2TOACxL,,1,2,30,政治家,TRUE,ミーは甘いワインが好き。,50,796,446,300,50,52
六本木 優希,kIznRxdOPdQ0eabXyK@bezew.ne.jp,gebLHMN6,66,1,32,34,大学生,TRUE,我は酸っぱいワインが好きです。,51,556,550,905,51,53
九十九 守,_GnXPmzjxw@tukuba.ac.jp,hwhkPNDY,93,,41,37,システムエンジニア,,ミーは苦いワインが好きです。,52,41,116,745,52,54
五十嵐 瑞穂,gVpC11Y@wiicom.com,5Jlzmotc,92,1,26,25,医者,FALSE,俺は苦いワインが好き。,53,385,26,870,53,55
四条 中,XxnW4ZfnkqEL9@yafoo.co.jp,o0QQgwMD,41,1,3,44,教師,FALSE,俺は美味しいワインが好き。,54,469,831,9,54,56
九十九 優希,6flh_9BvDR@wiicom.com,Aa2LRHsg,70,0,40,19,プロ野球選手,FALSE,俺は苦いワインが好き。,55,509,70,867,55,57
二宮 進,btLEUt@hardbank.ne.jp,00fPSYRU,59,1,31,24,帝王,FALSE,我は辛いワインが好きです。,56,776,136,226,56,58
八島 賢二,H0BIMs0f@dokoka.ne.jp,VgbxyAOl,53,1,26,18,,FALSE,ミーは酸っぱいワインが好きですわ。,57,915,20,75,57,59
五十嵐 瑞穂,hZTXhZ@goole.com,fDHjZO2w,40,1,28,44,医者,TRUE,,58,58,556,459,58,60
二宮 進,2NlORmtA3P5Vw@hardbank.ne.jp,6tTdC9Ez,48,0,2,41,システムエンジニア,TRUE,ミーは渋いワインが好き。,59,509,567,81,59,61
猪狩 塔哉,n0DfFactReikRVI3wO@hardbank.ne.jp,M3Ur3LSK,30,,43,31,マフィア,FALSE,我は酸っぱいワインが好きです。,60,694,847,469,60,62
二宮 優希,s4a7RiXOQUmC7@bezew.ne.jp,67y6cyXe,34,1,9,38,無職,TRUE,俺は苦いワインが好きぞ！,61,873,494,611,61,63
七井 塔哉,DvqM86NaIC9BbzmtJf@tukuba.ac.jp,lEtzXE9R,28,1,8,41,漁師,FALSE,朕は辛いワインが好きですわ。,62,789,649,722,62,64
八島 進,chNxN@yafoo.co.jp,1RxO46Qk,53,0,45,11,役者,FALSE,朕は苦いワインが好きですわ。,63,649,108,836,63,65
四条 守,F4-1d@hardbank.ne.jp,oKgajp61,80,0,4,40,大学生,TRUE,我は酸っぱいワインが好きですわ。,64,450,263,49,64,66
五十嵐 守,zPhLO3WHuyyY@dokoka.ne.jp,0vzPyZAm,41,0,1,15,料理人,TRUE,ミーは苦いワインが好きよ！,65,964,596,117,65,67
四条 守,i8yC5Aq@hero.ne.jp,BlOyRSIk,86,0,14,23,プロ野球選手,FALSE,我は甘いワインが好き。,66,492,623,326,66,68
一之瀬 中,Rl2OpDW92X@goole.com,nLmTNjZF,98,,33,41,配管工,FALSE,私は渋いワインが好きよ！,67,958,896,639,67,69
猪狩 進,tDgXiyNM@tukuba.ac.jp,DA3TCdb2,57,0,11,32,マフィア,TRUE,俺は辛いワインが好きです。,68,388,506,221,68,70
八島 権三,x_89zfirIDf5@yafoo.co.jp,7oJZX8f0,50,1,9,13,思想家,FALSE,僕は甘いワインが好きよ！,69,123,58,168,69,71
五十嵐 進,KaX0B8f6@hardbank.ne.jp,AUfqiqtB,99,0,32,6,システムエンジニア,FALSE,私は酸っぱいワインが好き。,70,483,972,632,70,72
七井 瑞穂,J9HNPoA9lW@bezew.ne.jp,eF1LOkxL,69,0,16,38,教師,FALSE,俺は辛いワインが好きですわ。,71,606,365,626,71,73
一之瀬 進,vd9QLd5w5GfrI@goole.com,hrR31srR,51,0,1,15,,TRUE,私は苦いワインが好きですわ。,72,16,71,321,72,74
九十九 一,R-figfT-7bVjaa@hardbank.ne.jp,zJado3cF,77,,38,41,傭兵,TRUE,ミーは苦いワインが好きぞ！,73,998,532,555,73,75
六本木 一,87LuWGe5t4Oa1Cf@bodafone.ne.jp,c0Q8HPzH,76,0,2,27,傭兵,FALSE,,74,734,531,420,74,76
四条 瑞穂,AS85aiqsQB7t88@goole.com,K8Ed6s42,90,0,18,16,,FALSE,朕は渋いワインが好きですわ。,75,309,967,203,75,77
六本木 瑞穂,ZvK-ySThkVk@goole.com,YCrvnfkG,74,1,3,39,公務員,TRUE,俺は酸っぱいワインが好きぞ！,76,103,971,852,76,78
六本木 守,REc0g@goole.com,u3psESCJ,26,0,30,37,傭兵,FALSE,私は渋いワインが好きぞ！,77,910,430,144,77,79
九十九 塔哉,p03I5MdYwhDMS9FMx@ibarakgi.ac.jp,hpII5c84,20,0,29,3,思想家,TRUE,,78,221,311,103,78,80
一之瀬 権三,SG7K6eEA8SQrpWweg@yafoo.co.jp,8tlCrAhC,,,40,5,帝王,FALSE,ミーは美味しいワインが好きです。,79,510,36,595,79,81
八島 瑞穂,2pBXH_Kn2Ly_CL1A6bmH@bodafone.ne.jp,QjBhtxK1,31,0,9,32,小説家,TRUE,朕は辛いワインが好きです。,80,889,850,508,80,82
八島 賢二,1FmspB4UwC4Tk6vtV@wiicom.com,i4tkPTo0,,0,19,31,プロ野球選手,TRUE,朕は渋いワインが好きぞ！,81,542,714,130,81,83
五十嵐 塔哉,fe_2W-B0bnvP@ibarakgi.ac.jp,ZW4LZujY,,0,31,36,大学生,TRUE,,82,984,71,519,82,84
七井 進,JgYvCIUR5uKhTaT@hero.ne.jp,rV4v3OVv,78,0,32,33,傭兵,TRUE,私は辛いワインが好きですわ。,83,579,991,74,83,85
四条 宇宙,g_ZgZ4Bqwwq15s@bodafone.ne.jp,Jfzrpa7U,83,0,21,35,医者,TRUE,私は甘いワインが好き。,84,793,170,786,84,86
六本木 守,efC46MWD6MlUliF5B0@bodafone.ne.jp,vbBRRYoK,55,,45,32,マフィア,TRUE,我は美味しいワインが好きよ！,85,279,531,148,85,87
六本木 宇宙,ew1nPDw@hardbank.ne.jp,wLoTW8zL,74,0,36,34,教師,TRUE,朕は美味しいワインが好き。,86,540,212,689,86,88
一之瀬 権三,UrRLraA6@yafoo.co.jp,frQmAWm6,91,1,2,9,帝王,FALSE,,87,695,295,550,87,89
一之瀬 宇宙,y1HkfKZVGNF1KLj9uXEQ@ibarakgi.ac.jp,VIplhq2o,30,0,4,2,大学生,FALSE,俺は甘いワインが好き。,88,542,308,924,88,90
三本松 瑞穂,epv_i@tukuba.ac.jp,k2t1hAbH,99,1,9,43,商社マン,TRUE,我は酸っぱいワインが好きですわ。,89,764,489,17,89,91
五十嵐 優希,IU0PucKlrRVGwKu@hero.ne.jp,NvCVEAxU,20,0,20,40,医者,TRUE,私は辛いワインが好きぞ！,90,279,569,777,90,92
六本木 塔哉,pm_z5vQFIcoje@bodafone.ne.jp,77VheF26,55,1,31,47,プロ野球選手,FALSE,私は酸っぱいワインが好きよ！,91,862,495,34,91,93
四条 賢二,KZE5HxdXhm_MfKjPmj@dokoka.ne.jp,Koazggnc,59,,14,2,マフィア,FALSE,ミーは苦いワインが好きです。,92,487,372,362,92,94
八島 一,yTrRrZ6uOw@wiicom.com,r8PikVED,59,1,40,24,プロ野球選手,FALSE,朕は甘いワインが好きです。,93,54,846,706,93,95
六本木 瑞穂,JOqMwyRg1Ivrdh-56S@wiicom.com,LZQscY5X,,1,34,25,役者,TRUE,朕は甘いワインが好きですわ。,94,907,538,889,94,96
五十嵐 瑞穂,OHLv3M1rnx9KXX8E4@ibarakgi.ac.jp,CTuwdSqf,45,1,36,23,公務員,TRUE,朕は渋いワインが好きぞ！,95,285,976,401,95,97
五十嵐 賢二,iaOIAofaqes@yafoo.co.jp,kpNIba5a,80,0,28,21,銀行員,TRUE,朕は苦いワインが好きですわ。,96,152,299,116,96,98
八島 中,LBtiaSqw@bezew.ne.jp,I9gfApTe,43,0,46,4,料理人,,私は渋いワインが好き。,97,629,652,467,97,99
八島 権三,EEqt30LSeEfWySKfHlzQ@wiicom.com,AEz8bgcP,27,,46,21,公務員,TRUE,朕は渋いワインが好きです。,98,942,485,610,98,100
一之瀬 守,37fuu-mkS7f9v3g3xfZ@hero.ne.jp,gKWJdZqp,26,,7,12,帝王,,,99,726,490,443,99,101
五十嵐 賢二,mclvzxoxLunnS@bezew.ne.jp,i893b62z,96,1,31,38,漁師,TRUE,朕は酸っぱいワインが好きぞ！,100,548,777,439,100,102
一之瀬 瑞穂,DXOCICb-t0o@yafoo.co.jp,k1SGQdle,25,1,4,33,銀行員,TRUE,,101,350,429,29,101,103
三本松 中,2Wjm12MJQlq_h@ibarakgi.ac.jp,0Koi04Ga,40,1,24,26,大学生,FALSE,我は渋いワインが好きぞ！,102,638,385,609,102,104
八島 宇宙,n6T5i4ZFzBx@hardbank.ne.jp,Mo7wNkCt,24,1,10,17,教師,FALSE,,103,354,878,572,103,105
八島 瑞穂,dcvbmvz7ewJxRMjZQbg2@bodafone.ne.jp,AxpzBorc,33,0,34,41,漁師,TRUE,朕は辛いワインが好きぞ！,104,885,686,690,104,106
七井 権三,2x3Q_q9V9di@bodafone.ne.jp,Z5QIf9EQ,24,1,33,39,商社マン,FALSE,朕は苦いワインが好きぞ！,105,560,873,766,105,107
二宮 賢二,tbclnAUzQjgt6PefVp@bodafone.ne.jp,gQSokuO4,48,1,12,25,漁師,TRUE,私は辛いワインが好き。,106,36,407,403,106,108
二宮 権三,5Lqp1QBWZH1rZOTXo_9m@hardbank.ne.jp,o0ztPg9y,99,0,37,21,漁師,FALSE,ミーは酸っぱいワインが好きです。,107,878,675,381,107,109
八島 中,eGbvLoHD_snsSuP5Ybjb@wiicom.com,iSe8u1eP,45,0,6,6,公務員,TRUE,俺は辛いワインが好きです。,108,834,839,451,108,110
九十九 中,V15Kfv7puCe@hardbank.ne.jp,2Z0aqbJj,37,0,7,21,銀行員,TRUE,僕は辛いワインが好きよ！,109,440,297,622,109,111
三本松 優希,sV2gJwOlfH@wiicom.com,VZeyEmFv,70,1,42,38,大学生,TRUE,僕は辛いワインが好きぞ！,110,261,998,568,110,112
八島 宇宙,ubmQiCCms1vG@dokoka.ne.jp,m201e3Rt,42,1,33,27,配管工,FALSE,朕は渋いワインが好きよ！,111,1,244,720,111,113
六本木 一,yY2uaeC@hero.ne.jp,pC9TUpOA,24,0,29,18,無職,TRUE,朕は辛いワインが好きです。,112,234,168,269,112,114
猪狩 中,0HhcPW8BwtvlsCFZGm@hero.ne.jp,I9YFjOfG,20,1,40,46,配管工,TRUE,ミーは渋いワインが好きぞ！,113,958,119,40,113,115
五十嵐 一,VKZFp7WEg@wiicom.com,OXAYJutA,33,1,33,8,小説家,FALSE,,114,959,515,858,114,116
二宮 進,cK4qe@ibarakgi.ac.jp,Vawig6zm,84,1,34,9,医者,FALSE,俺は美味しいワインが好きよ！,115,295,623,356,115,117
八島 進,JgHgWqyqIFodCNGxWvJ@bodafone.ne.jp,hntKRvZ8,71,0,24,29,銀行員,,ミーは酸っぱいワインが好きですわ。,116,18,771,607,116,118
七井 一,wFSRrDbLLr@ibarakgi.ac.jp,o2keL08L,29,1,19,27,猟師,TRUE,朕は甘いワインが好きぞ！,117,924,572,718,117,119
四条 宇宙,sJUyjZ1rIiC@bezew.ne.jp,S6OTdyq2,95,0,1,43,プロ野球選手,TRUE,私は辛いワインが好きですわ。,118,402,347,8,118,120
七井 塔哉,StYL0bKJPn4b4ij@bezew.ne.jp,jSCubfTA,,1,3,45,配管工,FALSE,僕は美味しいワインが好きです。,119,715,760,217,119,121
七井 賢二,Q8Gq_qqIoXJ@goole.com,zvrygOUL,39,1,9,21,公務員,TRUE,私は甘いワインが好きよ！,120,898,482,608,120,122
五十嵐 賢二,Rrf9XxxbgWYXs8aU@hardbank.ne.jp,RN40Zecs,39,1,35,37,料理人,TRUE,俺は苦いワインが好きよ！,121,777,347,524,121,123
一之瀬 守,KXWGvyvM79MOfVos@ibarakgi.ac.jp,yNxyRkOA,,,17,21,傭兵,TRUE,ミーは酸っぱいワインが好きです。,122,296,294,367,122,124
七井 進,n2Yrp1o@dokoka.ne.jp,hu1tcDaD,89,0,41,44,漁師,TRUE,ミーは辛いワインが好きです。,123,876,61,148,123,125
五十嵐 宇宙,HW7mYGiZ6Bbmh@ibarakgi.ac.jp,nTwWhM6C,40,0,40,20,プロ野球選手,FALSE,我は甘いワインが好きです。,124,470,727,729,124,126
六本木 進,irovGMe26BuENjh@ibarakgi.ac.jp,rAvcKAsG,87,1,14,42,,TRUE,僕は甘いワインが好きです。,125,76,899,91,125,127
猪狩 進,MvsbN@bodafone.ne.jp,nrH2F9DY,63,1,12,43,役者,TRUE,ミーは甘いワインが好きぞ！,126,798,124,282,126,128
一之瀬 一,rUcGfYzD7G_@ibarakgi.ac.jp,UZQZnm4O,26,1,15,45,医者,FALSE,我は渋いワインが好きですわ。,127,400,172,950,127,129
六本木 瑞穂,oSxgrRyf3GmW_sv@yafoo.co.jp,lCUYdjKQ,,0,1,38,無職,FALSE,僕は苦いワインが好きです。,128,871,206,178,128,130
猪狩 守,vmQq7yjdicX@bodafone.ne.jp,sVFShiHv,60,1,44,25,無職,TRUE,私は美味しいワインが好きよ！,129,54,951,121,129,131
三本松 賢二,DtJY4R0drgTSPyUf2lb@hero.ne.jp,JUs1YLFC,76,0,16,37,無職,,俺は渋いワインが好きよ！,130,301,573,388,130,132
八島 権三,2i_ZbviUVGlNCDj8Jme@bezew.ne.jp,irSHMBol,92,0,30,4,教師,TRUE,ミーは辛いワインが好きですわ。,131,398,792,602,131,133
八島 守,NH9-g-OCRMd_bF8ic0@bezew.ne.jp,u5AXHfpF,73,1,28,37,大学生,FALSE,僕は辛いワインが好きぞ！,132,915,648,827,132,134
六本木 塔哉,RMUCAgeIxvLLJvLJ@wiicom.com,0Kpu4kMa,40,1,47,39,,,,133,901,356,264,133,135
八島 守,VxLb2B6B-Vl-U@tukuba.ac.jp,2cuc7Iep,33,1,21,44,商社マン,FALSE,私は辛いワインが好きです。,134,407,201,340,134,136
三本松 賢二,hPtpSDG7KsHA@goole.com,0WSnkTDF,67,1,23,33,システムエンジニア,TRUE,俺は甘いワインが好きぞ！,135,835,652,256,135,137
四条 権三,rmASVC-qjbc1q-PCG2GJ@hero.ne.jp,CWJAmCPJ,43,0,38,31,,FALSE,我は渋いワインが好きぞ！,136,342,379,526,136,138
猪狩 瑞穂,VXb5EWImkr5jzx@tukuba.ac.jp,Q62LEeKC,73,0,40,18,,FALSE,我は渋いワインが好きですわ。,137,66,328,558,137,139
八島 一,FNG6KhgubXRHOug-c@ibarakgi.ac.jp,bfDcy2Zi,47,0,28,13,傭兵,FALSE,僕は酸っぱいワインが好きぞ！,138,786,276,691,138,140
五十嵐 進,V9SyC1j@bodafone.ne.jp,JDuFxana,,1,32,44,漁師,,朕は苦いワインが好きぞ！,139,468,59,421,139,141
二宮 中,eozE5JLpXd3a@goole.com,ojYlDl8w,57,1,14,39,無職,FALSE,我は美味しいワインが好きよ！,140,268,431,112,140,142
四条 塔哉,GXHhtUdQOF3M@tukuba.ac.jp,8PzeDwmA,92,1,40,5,医者,FALSE,我は甘いワインが好き。,141,156,377,191,141,143
二宮 瑞穂,FCETeI64qDkEc4cPsw3@bezew.ne.jp,tgh53FBV,26,1,32,7,医者,FALSE,ミーは渋いワインが好きです。,142,392,230,97,142,144
一之瀬 塔哉,wyaKdLz0S7x65GNqEgy@tukuba.ac.jp,c6SDqriM,69,0,35,46,猟師,TRUE,我は苦いワインが好き。,143,769,741,361,143,145
八島 塔哉,WDu1ozJbWe51aEgRu7k@bodafone.ne.jp,MDMi5bxH,41,1,11,7,,FALSE,俺は苦いワインが好き。,144,498,837,904,144,146
七井 宇宙,e8YXzX7Ragcn2Kx_9LtR@tukuba.ac.jp,ICQ9wf9P,,1,30,13,思想家,FALSE,俺は渋いワインが好きぞ！,145,754,326,823,145,147
猪狩 一,5FPu5qa_3CtUeFkZM@tukuba.ac.jp,g8BayHxu,64,1,17,23,銀行員,TRUE,僕は辛いワインが好き。,146,445,119,754,146,148
六本木 進,j4DvDcd5k_xhhFUuC@hero.ne.jp,JuoxQfmM,31,1,7,3,,TRUE,私は渋いワインが好き。,147,339,880,777,147,149
六本木 賢二,6G91OrDoZPm5oAson@bodafone.ne.jp,JYEk5awr,46,1,24,23,プロ野球選手,,朕は美味しいワインが好きぞ！,148,74,888,330,148,150
七井 塔哉,MG1QGyVlHveSnEbU@wiicom.com,zZm0MszO,36,0,15,28,銀行員,TRUE,,149,670,720,944,149,151
三本松 進,gfyOC@dokoka.ne.jp,K6GHfSUn,74,0,17,39,,FALSE,我は辛いワインが好き。,150,383,234,289,150,152
五十嵐 塔哉,29CyePPKOqdGWQX@hardbank.ne.jp,FgRGUc3i,92,0,20,30,傭兵,TRUE,我は渋いワインが好きです。,151,648,17,586,151,153
六本木 進,YmQ6ekgYLGXoLgkFiB@wiicom.com,M5yhZfrs,24,1,38,15,商社マン,FALSE,俺は辛いワインが好きよ！,152,746,524,945,152,154
七井 瑞穂,2xxQPzy6iVrsqO@ibarakgi.ac.jp,SrIRSFnz,65,1,5,35,,TRUE,私は酸っぱいワインが好きぞ！,153,754,590,574,153,155
九十九 瑞穂,D97TxdVjF@wiicom.com,Q2pznDhg,95,1,21,1,医者,TRUE,,154,154,439,901,154,156
七井 賢二,aZFcqfeJlJAB@dokoka.ne.jp,7qi30xyZ,62,0,43,41,猟師,FALSE,僕は渋いワインが好きぞ！,155,500,852,474,155,157
猪狩 守,gh3X2sk3glP8rfqFwgc8@dokoka.ne.jp,LFz8XTBr,82,1,25,24,公務員,TRUE,ミーは苦いワインが好きよ！,156,821,221,962,156,158
五十嵐 進,THC6PPv71kbR2Vw8lio@bodafone.ne.jp,ldMhSRK8,25,0,22,14,プロ野球選手,FALSE,僕は酸っぱいワインが好きですわ。,157,359,767,128,157,159
二宮 塔哉,KW9RzAER@bodafone.ne.jp,knjSzCML,26,0,11,10,公務員,TRUE,ミーは苦いワインが好きですわ。,158,871,24,326,158,160
一之瀬 守,VjwNW74OY9C@wiicom.com,bEqYeMnK,46,1,28,26,大学生,FALSE,朕は酸っぱいワインが好きですわ。,159,360,780,126,159,161
五十嵐 塔哉,pQv9UvSFaB0@yafoo.co.jp,L9fux1AX,39,1,21,28,公務員,,僕は渋いワインが好きよ！,160,73,530,298,160,162
六本木 瑞穂,58vO8LNp@hardbank.ne.jp,UWh5LGwL,90,0,47,14,小説家,FALSE,俺は甘いワインが好きよ！,161,498,143,662,161,163
九十九 守,qWU02ume97W-W1byejNw@wiicom.com,ACnqg6KD,,0,15,38,帝王,TRUE,僕は酸っぱいワインが好き。,162,859,361,254,162,164
五十嵐 賢二,GWvt7gXhV-pINEvRN@ibarakgi.ac.jp,Ky04GK4c,52,,16,41,医者,FALSE,我は辛いワインが好きよ！,163,848,81,939,163,165
八島 塔哉,Ky7YXY@wiicom.com,wU82VuMS,27,0,13,12,マフィア,FALSE,僕は美味しいワインが好き。,164,113,130,782,164,166
五十嵐 瑞穂,7NJwLRbZdQI@ibarakgi.ac.jp,1P3kP2H1,22,1,1,35,大学生,FALSE,俺は甘いワインが好きです。,165,299,611,672,165,167
六本木 守,245aO6q6@bezew.ne.jp,2w1beFYV,24,0,24,36,,TRUE,,166,58,87,669,166,168
二宮 賢二,o4ixoiV1ef2bhi@wiicom.com,bH0Q2Sax,29,1,27,6,猟師,FALSE,ミーは渋いワインが好きです。,167,447,944,816,167,169
四条 宇宙,4jW6oyfKl744Hf76h@yafoo.co.jp,FOppBEiC,,1,30,19,,FALSE,私は渋いワインが好きですわ。,168,781,792,919,168,170
八島 賢二,Sr3lgxTBDmYWq51WT@bodafone.ne.jp,L0NdOCkE,,1,41,7,配管工,,俺は苦いワインが好きぞ！,169,558,871,282,169,171
一之瀬 賢二,5Vf7H@ibarakgi.ac.jp,z5H2iB3U,87,0,20,35,医者,,ミーは美味しいワインが好きよ！,170,753,904,892,170,172
五十嵐 優希,98_jw@tukuba.ac.jp,CcXmEpk3,85,0,45,21,猟師,FALSE,私は辛いワインが好きですわ。,171,985,373,241,171,173
猪狩 守,wBfTR3teNsJCWI@dokoka.ne.jp,WdKyPw6R,94,0,11,2,傭兵,TRUE,俺は辛いワインが好きぞ！,172,467,658,296,172,174
六本木 一,LxKPTvVarcE@dokoka.ne.jp,J8kZ16Sr,81,1,24,42,料理人,FALSE,,173,108,272,646,173,175
八島 瑞穂,Y7F0Ppi-15HCvO5@dokoka.ne.jp,vhHf4a2P,29,0,36,1,政治家,TRUE,朕は渋いワインが好きよ！,174,324,18,519,174,176
六本木 権三,edaIgZtfjPShGN@bezew.ne.jp,DqxHkwli,51,0,41,19,漁師,FALSE,ミーは甘いワインが好きよ！,175,303,412,954,175,177
二宮 塔哉,6xwbzeJPLbf@ibarakgi.ac.jp,2VxFqi83,85,1,32,41,商社マン,FALSE,俺は酸っぱいワインが好き。,176,214,377,816,176,178
四条 守,RMhT90vhg5XINEBEPcE@hardbank.ne.jp,o3ho0USG,99,1,1,46,,,俺は美味しいワインが好きよ！,177,633,653,213,177,179
八島 守,q8euITw_f2tIJCe4CXe@hardbank.ne.jp,LPgtZRtm,64,0,47,9,教師,FALSE,私は美味しいワインが好きです。,178,952,225,930,178,180
三本松 宇宙,bwL3HMPVyJQnID08w@bodafone.ne.jp,0RDKVfdE,97,0,26,27,,FALSE,ミーは渋いワインが好きです。,179,165,184,71,179,181
猪狩 優希,Tg2zT6OueL1b02QO6xg@bodafone.ne.jp,lVfqXfAi,49,1,12,41,傭兵,FALSE,僕は甘いワインが好きですわ。,180,882,333,296,180,182
二宮 賢二,XUhnkCJ1aP@goole.com,zElh4qq9,,1,3,20,プロ野球選手,TRUE,我は苦いワインが好きです。,181,168,478,348,181,183
五十嵐 守,e9Cu6s@hero.ne.jp,rAaz3Wuy,79,1,20,35,公務員,,ミーは甘いワインが好きぞ！,182,72,459,684,182,184
四条 守,n33zZDUilW7KjaR-NrQ@goole.com,kRsM33qs,69,1,47,23,政治家,FALSE,我は渋いワインが好きぞ！,183,781,616,847,183,185
九十九 守,O0fwrRUDNqp0sxLu6XL@tukuba.ac.jp,oX1rp2h2,91,1,32,10,,FALSE,ミーは苦いワインが好きですわ。,184,340,588,122,184,186
一之瀬 宇宙,idmHgs@tukuba.ac.jp,2Zcrg4mt,,0,35,10,思想家,TRUE,ミーは美味しいワインが好きよ！,185,520,421,536,185,187
六本木 瑞穂,HNkxr@yafoo.co.jp,HHpQc5wx,72,1,40,25,システムエンジニア,TRUE,,186,406,609,795,186,188
五十嵐 権三,WdMuH2cRT-popAAKI@bodafone.ne.jp,ahQizZKH,83,0,27,24,傭兵,FALSE,俺は苦いワインが好きよ！,187,225,905,800,187,189
五十嵐 優希,Vqtoclg4KfLikVVX@bodafone.ne.jp,roqGRXsG,23,1,28,23,医者,TRUE,朕は美味しいワインが好きよ！,188,202,552,249,188,190
八島 権三,8h5zwdFywGHweW48@hero.ne.jp,fUU6pJhK,23,1,36,36,小説家,TRUE,私は渋いワインが好きよ！,189,818,455,273,189,191
九十九 優希,B12e5rFWcHTsIV39xv67@hardbank.ne.jp,w6zYT0J0,65,1,20,23,マフィア,FALSE,我は苦いワインが好きです。,190,126,367,591,190,192
六本木 塔哉,wiE74j@goole.com,IkgOStLp,,1,5,38,公務員,FALSE,俺は渋いワインが好き。,191,539,859,263,191,193
二宮 瑞穂,CnO70d@hero.ne.jp,ZvZrx4PO,56,1,41,8,帝王,FALSE,ミーは渋いワインが好き。,192,149,973,777,192,194
六本木 賢二,9ldseZOCOb@dokoka.ne.jp,wVqzriCg,52,1,9,11,思想家,FALSE,ミーは苦いワインが好きぞ！,193,356,109,279,193,195
八島 権三,SE8DJHJl@tukuba.ac.jp,oIT5Iqvq,65,,13,18,小説家,TRUE,我は辛いワインが好きよ！,194,857,613,672,194,196
六本木 優希,FKeige@wiicom.com,aAcXz6jD,45,1,45,38,漁師,FALSE,俺は酸っぱいワインが好きです。,195,445,872,305,195,197
六本木 優希,hwus9VtHQS9lRKXE@bodafone.ne.jp,kBHHoD9V,93,,21,43,,FALSE,僕は甘いワインが好きです。,196,432,438,988,196,198
九十九 宇宙,Uo3OEe@tukuba.ac.jp,Kt23CNS2,43,0,2,1,マフィア,FALSE,俺は苦いワインが好きよ！,197,849,501,671,197,199
七井 塔哉,PERfT@wiicom.com,kK5gdqiy,75,1,3,46,小説家,TRUE,,198,389,778,524,198,200
八島 塔哉,XKZx8L5IJcIaknrM@wiicom.com,5k5ERijz,26,0,1,25,猟師,TRUE,朕は苦いワインが好きです。,199,386,324,202,199,201
九十九 中,kdU1EtJI@yafoo.co.jp,0fLtJDud,86,0,3,14,小説家,TRUE,僕は苦いワインが好き。,200,416,525,615,200,202
三本松 優希,qlT9-DHSL2Q@dokoka.ne.jp,HZwLmgph,95,1,46,46,無職,,我は辛いワインが好きぞ！,201,283,50,717,201,203
七井 瑞穂,_ONo72@bezew.ne.jp,7xDdp8Vz,79,1,38,25,医者,FALSE,俺は苦いワインが好きよ！,202,820,379,202,202,204
四条 賢二,G2CteqHh03UlJ2JNmU6F@ibarakgi.ac.jp,lcN5NPdp,98,1,13,43,大学生,FALSE,朕は美味しいワインが好きですわ。,203,484,95,91,203,205
三本松 瑞穂,zMy9BhrPUdCbbYra@tukuba.ac.jp,QpJlMtE9,93,0,22,15,大学生,FALSE,ミーは辛いワインが好きぞ！,204,316,665,158,204,206
猪狩 優希,0CKkm8SvLXlM@bodafone.ne.jp,UZbVNxNT,,,41,23,漁師,TRUE,朕は辛いワインが好きよ！,205,747,814,413,205,207
七井 瑞穂,3Y6DeB@hero.ne.jp,J9qSpSZz,,0,17,23,医者,FALSE,,206,538,987,198,206,208
七井 優希,w9PoqjwBHPMhB9m@hardbank.ne.jp,3DZOsxF1,96,0,12,35,教師,,,207,188,17,575,207,209
四条 賢二,1swmwDUmOYtz-p2R@ibarakgi.ac.jp,2QlVUAZt,,1,10,26,システムエンジニア,TRUE,,208,203,328,105,208,210
二宮 瑞穂,T_Dg0Byi-Ju@wiicom.com,Xrr7tCLr,55,0,14,6,配管工,FALSE,朕は美味しいワインが好き。,209,861,439,315,209,211
二宮 中,N25XWhHFZ2y7syJGbDcb@ibarakgi.ac.jp,xbQCWPiC,86,0,15,20,猟師,FALSE,朕は美味しいワインが好きです。,210,901,618,301,210,212
二宮 権三,YcJ4j@goole.com,XIJlBDga,84,1,8,7,思想家,FALSE,我は酸っぱいワインが好きよ！,211,839,244,571,211,213
九十九 賢二,1__qDjY@goole.com,RQ9AZped,,0,12,44,医者,TRUE,,212,844,762,179,212,214
七井 瑞穂,EZXAU97ZB@goole.com,XgpehODq,97,0,25,30,教師,FALSE,朕は渋いワインが好きですわ。,213,821,689,737,213,215
一之瀬 賢二,X_raVLxlk9@bodafone.ne.jp,eUtAsuAH,93,0,33,33,配管工,FALSE,俺は酸っぱいワインが好きですわ。,214,943,632,403,214,216
二宮 中,6yl84@ibarakgi.ac.jp,O3jZKVqq,89,0,10,19,銀行員,FALSE,私は美味しいワインが好きです。,215,334,341,713,215,217
五十嵐 優希,M1zbJHS7Tk@yafoo.co.jp,rdqCHhHu,72,1,39,1,料理人,TRUE,僕は美味しいワインが好きです。,216,912,273,149,216,218
五十嵐 瑞穂,m6JYEI7sHbyCif@bezew.ne.jp,zuF9W3yS,49,1,19,30,思想家,TRUE,ミーは苦いワインが好きですわ。,217,886,494,541,217,219
五十嵐 権三,8sZ1oqlRfJ@wiicom.com,wfKOE54k,98,0,46,44,公務員,FALSE,我は苦いワインが好きですわ。,218,402,40,902,218,220
二宮 賢二,T1V7gvvPL-HK@bodafone.ne.jp,9eH5Q0Yg,51,1,25,32,大学生,TRUE,朕は甘いワインが好きよ！,219,99,849,809,219,221
七井 宇宙,1GcFyp8cuCPQu1vgZ9@bodafone.ne.jp,yCRV2YiE,64,0,30,19,教師,FALSE,我は苦いワインが好きよ！,220,418,576,652,220,222
猪狩 賢二,hWWLa4th8lnNXdea3aEW@wiicom.com,TqhhaXWk,97,0,27,10,傭兵,FALSE,朕は美味しいワインが好きですわ。,221,577,100,814,221,223
猪狩 賢二,jSyON@bezew.ne.jp,imT8LNM8,77,0,45,8,公務員,FALSE,ミーは美味しいワインが好きぞ！,222,680,230,401,222,224
七井 塔哉,wxylQ@bodafone.ne.jp,3dP46uoS,64,1,28,1,医者,TRUE,俺は甘いワインが好きですわ。,223,840,29,128,223,225
五十嵐 賢二,0gD-V@bodafone.ne.jp,KlbsnvIo,82,1,4,29,商社マン,FALSE,私は苦いワインが好き。,224,655,823,144,224,226
八島 賢二,53kCUh@bodafone.ne.jp,HOkPDXW9,94,1,9,5,役者,FALSE,俺は苦いワインが好きぞ！,225,666,102,89,225,227
二宮 賢二,K1-P0JwVoH@yafoo.co.jp,S7jfzzal,68,0,13,19,公務員,FALSE,朕は苦いワインが好きです。,226,850,10,873,226,228
五十嵐 一,7c4GhknNm7PDP@wiicom.com,X7adstHd,30,,6,23,,TRUE,ミーは酸っぱいワインが好きですわ。,227,871,738,905,227,229
五十嵐 守,Ba_h_J8Trry5tqJLbA@ibarakgi.ac.jp,eJLRnixp,81,1,7,47,小説家,TRUE,ミーは酸っぱいワインが好きですわ。,228,63,70,148,228,230
猪狩 塔哉,JwvALu7xvnqrr@wiicom.com,ip5PHpXx,91,0,36,26,傭兵,FALSE,俺は甘いワインが好きです。,229,690,628,894,229,231
猪狩 優希,03i1RW5BCI4x4J12@wiicom.com,9PPgaxK9,93,,8,26,銀行員,TRUE,俺は美味しいワインが好きよ！,230,307,908,345,230,232
二宮 中,6095Fq1Jid@hero.ne.jp,PCbeOzaW,81,1,30,9,配管工,,僕は苦いワインが好きぞ！,231,6,823,979,231,233
六本木 塔哉,bZjFpE9ZHHU1MT@bezew.ne.jp,7tDII2ev,31,0,44,10,漁師,TRUE,ミーは辛いワインが好きですわ。,232,901,461,943,232,234
九十九 宇宙,PZdSZ2mUimuH5@dokoka.ne.jp,qODxJ8Ss,56,,16,21,マフィア,FALSE,我は苦いワインが好きですわ。,233,381,445,599,233,235
猪狩 進,DbNoSzX_RA67txYng@dokoka.ne.jp,xERCCNcE,94,,31,7,,FALSE,,234,528,914,251,234,236
四条 塔哉,mysMVBpW8w@hero.ne.jp,TYdUxD1t,37,1,30,34,プロ野球選手,FALSE,朕は美味しいワインが好きよ！,235,587,284,744,235,237
九十九 優希,ycJh0Mu79k02x@dokoka.ne.jp,vfHPfBZP,34,0,35,19,教師,FALSE,朕は甘いワインが好きぞ！,236,740,438,117,236,238
九十九 宇宙,jFbmKVESb@wiicom.com,5Ua8fO85,89,1,9,6,猟師,TRUE,僕は美味しいワインが好きです。,237,636,168,329,237,239
七井 宇宙,JpUPHJyFJUgI@ibarakgi.ac.jp,dJLzOyAH,46,0,26,35,銀行員,,俺は酸っぱいワインが好きよ！,238,44,610,256,238,240
二宮 進,0_EBKJbCJ8aZ@bezew.ne.jp,QJTC81QE,22,0,2,12,商社マン,FALSE,僕は酸っぱいワインが好きです。,239,212,564,363,239,241
五十嵐 守,NKA4_@hardbank.ne.jp,28NKWXe1,86,0,17,30,商社マン,,,240,824,832,876,240,242
猪狩 塔哉,12tXVQTO2UuJ0F-p6@dokoka.ne.jp,Pn7fboBS,65,0,13,38,漁師,FALSE,僕は甘いワインが好き。,241,812,157,309,241,243
七井 進,6Q0gEBHD60LG@goole.com,a69HNiVV,99,1,8,8,プロ野球選手,FALSE,我は美味しいワインが好き。,242,832,892,323,242,244
四条 一,7potN5e@goole.com,xuPpcOKM,,1,31,12,マフィア,FALSE,俺は渋いワインが好きぞ！,243,945,937,330,243,245
猪狩 塔哉,pDHhY1QF@dokoka.ne.jp,1bKNcCmA,98,0,11,31,思想家,TRUE,俺は酸っぱいワインが好きですわ。,244,141,101,354,244,246
二宮 宇宙,7khsKiJNmM_xNddDlsHc@bodafone.ne.jp,QNUJAAUH,52,0,31,25,大学生,TRUE,朕は苦いワインが好きよ！,245,401,325,725,245,247
七井 権三,fEGL_RqkDEe0w@hero.ne.jp,4ZJoAvo4,28,,31,16,役者,FALSE,我は渋いワインが好きよ！,246,473,913,379,246,248
五十嵐 宇宙,k_jGexLFAlSKU@wiicom.com,cTm06kER,47,0,2,13,プロ野球選手,FALSE,,247,738,574,530,247,249
一之瀬 進,nyOtDcKhyK4yc@hardbank.ne.jp,X1M1KNSa,62,1,28,22,銀行員,TRUE,我は美味しいワインが好きですわ。,248,644,392,847,248,250
一之瀬 優希,7TWZrPJRF@goole.com,CSWsdG79,62,0,25,28,無職,FALSE,朕は渋いワインが好きよ！,249,223,827,54,249,251
七井 賢二,TkDatQ@bezew.ne.jp,9gFiGWIO,29,0,40,1,商社マン,TRUE,私は甘いワインが好きです。,250,192,656,912,250,252
三本松 一,3az3gm@hero.ne.jp,DA7LJty8,61,1,41,11,無職,FALSE,,251,623,572,524,251,253
六本木 賢二,ioZBIw-_zRmCyt4C@bezew.ne.jp,3KtbIdAL,95,0,30,24,システムエンジニア,TRUE,朕は苦いワインが好き。,252,372,319,452,252,254
八島 進,AsHvXy@goole.com,dzgACLON,99,0,45,17,傭兵,FALSE,我は甘いワインが好きです。,253,921,589,344,253,255
三本松 進,u_Bskj7zPubO6@bezew.ne.jp,Hzw6NHYT,85,0,3,3,役者,,我は渋いワインが好きです。,254,394,565,675,254,256
七井 優希,15AS2v7r@bodafone.ne.jp,5Jg3DXYS,46,0,43,11,思想家,TRUE,私は辛いワインが好き。,255,984,83,864,255,257
猪狩 塔哉,FwfaEodlY0iN@yafoo.co.jp,6Il1t1Nl,78,1,34,45,医者,,朕は渋いワインが好きよ！,256,740,893,200,256,258
八島 中,rQYPxVKZGY10yy3v@dokoka.ne.jp,9Et4D02D,35,1,28,26,マフィア,TRUE,我は辛いワインが好きです。,257,547,132,305,257,259
猪狩 守,d-S34@dokoka.ne.jp,wofEStao,74,0,1,40,小説家,FALSE,朕は甘いワインが好きですわ。,258,457,172,718,258,260
猪狩 賢二,f-t7zJGb@goole.com,6UfWylHQ,,0,7,14,猟師,FALSE,俺は辛いワインが好きぞ！,259,529,784,786,259,261
四条 塔哉,HAALdmhEpCJu0Ogh@wiicom.com,1W6pvGlR,49,1,26,18,医者,FALSE,,260,3,158,514,260,262
二宮 守,5MYUx@yafoo.co.jp,p1tzQ7QR,34,0,22,25,プロ野球選手,FALSE,我は酸っぱいワインが好きぞ！,261,708,493,576,261,263
猪狩 守,wfnkWAs3axl5CkA@hero.ne.jp,NISBv7n0,83,0,45,31,銀行員,TRUE,朕は酸っぱいワインが好きよ！,262,147,384,470,262,264
三本松 優希,AtWxhMX5U_ZXW@wiicom.com,LcsmPXyn,55,0,42,26,教師,FALSE,俺は美味しいワインが好き。,263,192,261,610,263,265
五十嵐 守,Zu3tRxw44WPjTzvU8en@bezew.ne.jp,HgJokjwg,80,0,8,15,プロ野球選手,FALSE,俺は甘いワインが好きです。,264,446,933,499,264,266
六本木 瑞穂,Le6kG1LOMP@ibarakgi.ac.jp,VDjLTzFA,28,1,22,13,プロ野球選手,FALSE,私は渋いワインが好きぞ！,265,858,612,60,265,267
八島 瑞穂,yt0adAcG5l-G7F6fB@yafoo.co.jp,rVAi5wVg,95,0,29,13,役者,TRUE,俺は渋いワインが好きぞ！,266,342,986,409,266,268
二宮 進,xVAZs4LFc7A6fhO@hardbank.ne.jp,Bz5rso3K,,1,29,45,政治家,FALSE,朕は甘いワインが好き。,267,992,32,153,267,269
七井 優希,KLXEo@bezew.ne.jp,eS5xwP89,21,0,35,7,配管工,TRUE,私は酸っぱいワインが好きよ！,268,59,434,184,268,270
八島 宇宙,XJ9nQFLtNNdX0sZo@bodafone.ne.jp,b50mLRPE,83,0,7,11,プロ野球選手,FALSE,私は美味しいワインが好き。,269,783,213,11,269,271
四条 権三,vLQyol@bezew.ne.jp,xa2RBorf,20,1,20,35,医者,FALSE,ミーは渋いワインが好き。,270,278,357,636,270,272
猪狩 宇宙,K3W5B@wiicom.com,Ah5m2ubR,65,0,6,29,商社マン,FALSE,私は酸っぱいワインが好きよ！,271,249,406,607,271,273
三本松 塔哉,4dD8JG@ibarakgi.ac.jp,pVvzshmJ,35,0,22,42,教師,,,272,522,440,636,272,274
七井 中,0XiB7KG@yafoo.co.jp,6pfTKC7V,85,1,22,37,無職,FALSE,ミーは渋いワインが好きよ！,273,505,539,871,273,275
二宮 中,XeTuOg5K7Ac@dokoka.ne.jp,ldZHsrqG,37,0,38,15,マフィア,,俺は美味しいワインが好きです。,274,915,42,211,274,276
三本松 優希,QpJFQ2GQPLLH7HJ05t6@bezew.ne.jp,bP58ygXo,52,1,45,1,漁師,TRUE,私は苦いワインが好きぞ！,275,866,716,151,275,277
四条 守,q8Yelg@hardbank.ne.jp,Qp5sOk8e,89,0,45,21,大学生,TRUE,ミーは甘いワインが好き。,276,662,694,94,276,278
四条 権三,dUVcP8AlwD@hardbank.ne.jp,22z7SiDn,84,0,32,18,,TRUE,朕は苦いワインが好き。,277,553,555,733,277,279
四条 一,dCt3R@hardbank.ne.jp,qd29p59n,,1,21,1,プロ野球選手,FALSE,私は渋いワインが好き。,278,17,8,73,278,280
九十九 権三,adPommMgG@yafoo.co.jp,QLdno5Ix,99,0,20,22,無職,TRUE,僕は辛いワインが好きです。,279,354,382,903,279,281
二宮 権三,_kCStO@dokoka.ne.jp,DMairPEx,96,1,38,4,公務員,FALSE,朕は渋いワインが好きぞ！,280,470,147,811,280,282
五十嵐 中,fVmuKBZyaE65qtFxs@goole.com,gDerDyVf,96,1,11,3,マフィア,TRUE,ミーは渋いワインが好き。,281,314,73,561,281,283
猪狩 優希,FtEQRGGq43WuC5oEs@yafoo.co.jp,UqAMdUl6,33,0,9,44,商社マン,FALSE,,282,598,13,332,282,284
九十九 優希,R3AOjVoJ68yn5c@hero.ne.jp,Kxc9o5X4,43,0,29,37,マフィア,TRUE,我は美味しいワインが好き。,283,774,118,917,283,285
九十九 賢二,vx-ABzI7GOeK9A5jIU4@wiicom.com,HlOuzBOj,,,3,14,小説家,FALSE,僕は辛いワインが好きですわ。,284,407,240,382,284,286
猪狩 中,X_yy6VEyqATwh5qm@wiicom.com,ZTFyTrBc,91,1,4,27,猟師,FALSE,僕は苦いワインが好き。,285,488,711,854,285,287
二宮 権三,ebgaG@bodafone.ne.jp,zWGetgGQ,48,1,31,16,システムエンジニア,FALSE,俺は美味しいワインが好きよ！,286,111,325,719,286,288
三本松 優希,MdX8iD@bodafone.ne.jp,WQLvHMW0,91,0,44,39,マフィア,TRUE,俺は渋いワインが好きですわ。,287,103,390,496,287,289
一之瀬 一,TM-p0HczpSo1FMwJ@hero.ne.jp,XCk9eArf,84,1,23,47,料理人,TRUE,朕は苦いワインが好きよ！,288,633,201,296,288,290
六本木 宇宙,i_VJppajoPzC4lxom9@hero.ne.jp,QQQT0oZ4,73,0,5,38,大学生,TRUE,私は甘いワインが好きぞ！,289,485,101,367,289,291
四条 権三,HfhBL@bezew.ne.jp,o5kdjNWi,37,1,4,27,教師,FALSE,僕は辛いワインが好きぞ！,290,917,366,616,290,292
七井 守,tiM1dUYHQYhVh-ePrSV@wiicom.com,cnXXNNJX,77,1,32,20,大学生,,,291,966,25,422,291,293
一之瀬 権三,dR0xrmSsbMyKB@goole.com,wyXEsEZW,92,0,32,13,医者,TRUE,僕は苦いワインが好きですわ。,292,732,695,952,292,294
五十嵐 塔哉,71ESmzWhTl_bD_@goole.com,3i5TXK60,84,1,11,1,,FALSE,私は辛いワインが好きですわ。,293,5,874,675,293,295
六本木 中,gKjiMLXrSoYcCYE6SPz@bodafone.ne.jp,ASfiA6jy,20,,2,33,商社マン,FALSE,ミーは甘いワインが好きぞ！,294,787,627,559,294,296
六本木 進,pQgFiqjMHKqS3F8MJYsT@hardbank.ne.jp,4hm4bEHG,79,0,17,24,大学生,,私は渋いワインが好きぞ！,295,163,855,143,295,297
二宮 進,GO8fcXFZ-w0QY3qp1NVY@wiicom.com,bhKhNKqt,84,0,11,23,無職,FALSE,,296,822,125,377,296,298
三本松 権三,pl00jSt@tukuba.ac.jp,Jn6QhXsK,91,0,19,37,漁師,FALSE,私は辛いワインが好きぞ！,297,58,320,876,297,299
九十九 進,UtnWBNQUmR@bezew.ne.jp,0sUMArAp,37,,4,38,システムエンジニア,,俺は渋いワインが好き。,298,730,480,572,298,300
七井 権三,wIfkjg@ibarakgi.ac.jp,jxBCUiC3,85,1,1,39,マフィア,FALSE,朕は酸っぱいワインが好き。,299,267,192,551,299,301
一之瀬 塔哉,pm8M-Mwp3Qj@yafoo.co.jp,lYFnwAfY,20,0,10,43,政治家,TRUE,我は辛いワインが好きよ！,300,894,357,805,300,302
二宮 賢二,GPYa8Jph3bMA1uT@ibarakgi.ac.jp,5giOIJxS,24,1,4,32,無職,FALSE,我は苦いワインが好きよ！,301,280,988,654,301,303
三本松 権三,22qnTZqbiCaraRaIPB@bezew.ne.jp,y1P4xasO,42,1,14,29,システムエンジニア,TRUE,朕は苦いワインが好き。,302,505,785,571,302,304
九十九 瑞穂,l26dqqGBB@bodafone.ne.jp,S516RIvf,53,1,34,11,小説家,TRUE,俺は辛いワインが好きぞ！,303,834,129,112,303,305
猪狩 瑞穂,akGY4BLTdQKUEOg@goole.com,kVrem71Q,64,,15,2,傭兵,,俺は渋いワインが好きぞ！,304,292,471,740,304,306
七井 優希,T3D8vVo6h@dokoka.ne.jp,Eu3TN95o,38,0,43,43,教師,TRUE,ミーは甘いワインが好きぞ！,305,244,818,45,305,307
九十九 一,wz36cZgQd16@wiicom.com,GEwZwsCG,46,,4,10,小説家,TRUE,我は甘いワインが好きぞ！,306,32,907,948,306,308
三本松 権三,bk40sJEK@yafoo.co.jp,DygTdTYW,,1,31,34,政治家,FALSE,ミーは辛いワインが好きよ！,307,39,956,933,307,309
六本木 優希,uEmLXjzRbFb5tx@wiicom.com,qJXtUBjJ,29,0,20,18,銀行員,FALSE,ミーは美味しいワインが好きです。,308,762,892,190,308,310
四条 守,dvZraLxqNxY4lDzy@hardbank.ne.jp,kRF61kpk,,0,26,15,教師,TRUE,俺は苦いワインが好きよ！,309,649,924,942,309,311
二宮 塔哉,hauvOYIpw39xK6_@hero.ne.jp,O9LAyqBV,,0,15,7,小説家,FALSE,僕は渋いワインが好きですわ。,310,583,14,759,310,312
一之瀬 宇宙,LjtBfLdO-@goole.com,mAsLpWoJ,,1,21,23,配管工,FALSE,私は辛いワインが好きぞ！,311,750,229,457,311,313
三本松 賢二,FlabZf80Zn5mVu@ibarakgi.ac.jp,9qV22wRO,95,1,30,18,傭兵,FALSE,朕は酸っぱいワインが好き。,312,796,979,741,312,314
二宮 守,kdd3_kPbXwY@goole.com,xtd2jD9P,88,1,47,32,料理人,FALSE,僕は辛いワインが好きです。,313,686,887,538,313,315
七井 優希,fgo_g@dokoka.ne.jp,Lo7eqbYR,66,1,30,39,無職,TRUE,我は渋いワインが好きぞ！,314,392,597,104,314,316
七井 宇宙,LNZd8DXxI-6-MHvBCe2W@bezew.ne.jp,L3w6X5B1,99,0,33,23,大学生,FALSE,俺は美味しいワインが好きです。,315,71,927,601,315,317
九十九 塔哉,zLCeYXVGGz8S9@wiicom.com,FgzPynPi,76,1,29,12,大学生,TRUE,僕は酸っぱいワインが好きよ！,316,675,228,53,316,318
六本木 一,qANZfkHn@bodafone.ne.jp,nxbqwCB4,78,1,9,16,プロ野球選手,TRUE,俺は渋いワインが好きよ！,317,191,947,225,317,319
四条 一,rde8oscESRojrRpFen@tukuba.ac.jp,dD3jEoc6,27,1,5,39,プロ野球選手,TRUE,我は甘いワインが好きよ！,318,692,250,830,318,320
猪狩 賢二,zblRJKH9423dz58@ibarakgi.ac.jp,hFDdOEux,,,12,39,商社マン,FALSE,僕は甘いワインが好きですわ。,319,323,994,183,319,321
三本松 賢二,OG8EmNA@yafoo.co.jp,TUnKDdX1,38,1,19,20,,,ミーは甘いワインが好き。,320,803,129,919,320,322
四条 塔哉,n6icKCKvpeNDQf8wAGGE@bezew.ne.jp,Gljfxk4K,49,1,14,31,配管工,TRUE,朕は美味しいワインが好き。,321,890,972,80,321,323
一之瀬 優希,bfmop9kLsxtMETwHmsR@dokoka.ne.jp,zgLUfOW4,55,,15,15,,FALSE,俺は渋いワインが好きぞ！,322,386,408,678,322,324
八島 進,isG5Y7Y0-iuo@hardbank.ne.jp,SBDtZu6r,56,0,4,8,傭兵,TRUE,ミーは酸っぱいワインが好き。,323,579,917,30,323,325
猪狩 権三,olj3o9w8@dokoka.ne.jp,s15tcMDx,31,0,3,11,,TRUE,私は渋いワインが好き。,324,671,736,354,324,326
八島 宇宙,xPBREex0OIf@hardbank.ne.jp,2Z3pQvIY,84,1,21,45,プロ野球選手,FALSE,私は辛いワインが好きです。,325,300,134,527,325,327
九十九 瑞穂,ZYpNGKKhkQHC8DHgWNf@bezew.ne.jp,HSmj4z7Q,67,0,43,25,小説家,FALSE,僕は辛いワインが好きです。,326,500,550,579,326,328
猪狩 権三,h00MuY6AxFQbsy6@wiicom.com,l9B3tSZH,37,0,46,42,医者,FALSE,ミーは甘いワインが好きぞ！,327,874,227,919,327,329
六本木 賢二,5QU06SJU2Q@bezew.ne.jp,GEnaQePG,,0,21,4,傭兵,FALSE,,328,189,738,307,328,330
四条 権三,P7tqX85L@yafoo.co.jp,8xVXsBiM,47,0,42,39,無職,FALSE,僕は酸っぱいワインが好き。,329,949,139,171,329,331
一之瀬 進,CgbaH-7pMhuQ@hero.ne.jp,5Bg4qQGL,87,,15,4,,,私は美味しいワインが好きぞ！,330,613,872,744,330,332
五十嵐 進,WAK_kK3GD0CBt@goole.com,BJpNHZmk,59,1,32,31,銀行員,FALSE,俺は美味しいワインが好きですわ。,331,529,452,857,331,333
六本木 進,aT00_@hardbank.ne.jp,iG7MVgCY,37,0,5,26,配管工,TRUE,ミーは苦いワインが好きですわ。,332,797,107,221,332,334
三本松 中,A1iy7DnFpKwN5A17S0@goole.com,0HNk74Lw,62,0,28,11,プロ野球選手,TRUE,僕は美味しいワインが好きよ！,333,627,864,131,333,335
九十九 賢二,t1Bb9KeW8Oo@ibarakgi.ac.jp,OTxr8Fzr,34,1,11,44,配管工,FALSE,ミーは甘いワインが好きぞ！,334,283,846,331,334,336
猪狩 賢二,6dxMci@dokoka.ne.jp,LspvQBOA,35,0,6,34,大学生,FALSE,朕は酸っぱいワインが好きですわ。,335,133,364,470,335,337
猪狩 優希,Nt5GzR@yafoo.co.jp,OGWciXZm,25,1,21,24,漁師,FALSE,私は苦いワインが好きぞ！,336,476,181,496,336,338
二宮 優希,aE9xrq2Flz9v_Z3tFpx@yafoo.co.jp,J45VH2Ng,98,0,1,1,小説家,,我は辛いワインが好きです。,337,472,455,775,337,339
八島 賢二,yZcllLtubCCRWB@goole.com,bK93dUGG,,,42,24,銀行員,TRUE,私は甘いワインが好きですわ。,338,304,868,79,338,340
猪狩 賢二,iGgE17uMSttnL2vSjp@dokoka.ne.jp,bzeP0QUa,86,1,28,2,配管工,TRUE,朕は酸っぱいワインが好きよ！,339,451,754,272,339,341
三本松 守,I3VhRCiG@hero.ne.jp,VQ3XMrlH,77,1,11,43,,TRUE,僕は苦いワインが好きよ！,340,919,101,295,340,342
八島 権三,KPZDwhEyU_a_tm@bodafone.ne.jp,fpNR8kW8,28,1,43,38,,FALSE,俺は酸っぱいワインが好きですわ。,341,187,37,670,341,343
一之瀬 中,K5fCd_kbHY63W_9G@hero.ne.jp,slLnNSND,30,0,46,9,商社マン,TRUE,朕は美味しいワインが好きです。,342,874,511,412,342,344
九十九 宇宙,PDF8w@yafoo.co.jp,jxyS1mrH,51,1,19,4,大学生,TRUE,ミーは酸っぱいワインが好きよ！,343,911,640,725,343,345
五十嵐 中,0F6vKX@yafoo.co.jp,BsYCIKST,,1,43,39,政治家,TRUE,私は渋いワインが好き。,344,406,246,455,344,346
四条 優希,PIR6CNSXU@ibarakgi.ac.jp,EhWbOW40,57,0,42,47,猟師,FALSE,僕は苦いワインが好きぞ！,345,619,983,125,345,347
六本木 中,yyA8qzOY5r8-K@dokoka.ne.jp,cB2VZff0,75,0,44,18,,FALSE,私は辛いワインが好きですわ。,346,77,165,368,346,348
猪狩 守,nVIAt24dRhJHTUbGf@hardbank.ne.jp,ddZ8KxIL,51,0,47,7,猟師,FALSE,,347,376,699,794,347,349
一之瀬 瑞穂,9lYdYyoSxMo9HP8AtVY@tukuba.ac.jp,Y0u1ksRf,55,0,15,36,大学生,FALSE,ミーは酸っぱいワインが好きです。,348,619,661,139,348,350
一之瀬 優希,9ZliXigOkD7Fc@ibarakgi.ac.jp,IWdEMHUR,,1,39,36,帝王,TRUE,我は渋いワインが好きですわ。,349,651,239,32,349,351
六本木 権三,KlL1ZIXkKGh@hardbank.ne.jp,yUo2PtM6,59,0,37,17,小説家,TRUE,ミーは渋いワインが好きよ！,350,165,156,307,350,352
五十嵐 塔哉,Kcgm0pkEDxDN@goole.com,fzVlIaej,55,1,15,9,政治家,TRUE,私は苦いワインが好きぞ！,351,838,83,615,351,353
五十嵐 優希,A1jwCtQY2d@hero.ne.jp,2KicTl41,79,,13,4,,FALSE,僕は辛いワインが好き。,352,973,339,685,352,354
六本木 中,DsEvi6qiX4Y_AZo@bezew.ne.jp,Qe0PvyT9,,1,26,22,無職,TRUE,,353,721,257,18,353,355
一之瀬 賢二,Z7TQ2rl@goole.com,ADOm0SZP,45,1,23,40,大学生,TRUE,ミーは苦いワインが好きよ！,354,722,908,258,354,356
九十九 賢二,yZBL9t@wiicom.com,znQLOJwL,56,0,23,16,大学生,FALSE,私は美味しいワインが好きよ！,355,546,78,6,355,357
二宮 中,tPAcyYlCcBEg@hero.ne.jp,RoUODDfo,76,1,35,9,,,俺は酸っぱいワインが好きですわ。,356,441,549,743,356,358
二宮 優希,pSl3Y0qRP_Mj@hardbank.ne.jp,pY0GfIeI,78,,8,3,教師,FALSE,朕は酸っぱいワインが好き。,357,810,317,451,357,359
六本木 守,W2goBNpIZJ5WJjd@tukuba.ac.jp,3UiVpvC7,73,1,12,15,帝王,FALSE,私は渋いワインが好きですわ。,358,92,636,309,358,360
九十九 優希,9NdFjo@bodafone.ne.jp,ZeK3FzDn,75,1,9,13,思想家,FALSE,我は美味しいワインが好きぞ！,359,142,357,261,359,361
一之瀬 中,xCpNN_b@bodafone.ne.jp,jtGQCXRD,,0,1,29,,TRUE,朕は渋いワインが好き。,360,570,202,327,360,362
四条 優希,Md5yw8D-IWJy0srnjkO@goole.com,F9Us96ik,58,1,9,27,役者,TRUE,,361,697,540,128,361,363
猪狩 瑞穂,RhpQMM@goole.com,FInrJYg0,75,0,45,2,漁師,TRUE,僕は酸っぱいワインが好きですわ。,362,649,476,257,362,364
四条 賢二,j7Y3QU4ECjW@tukuba.ac.jp,Q9WHZ89D,,1,13,42,思想家,TRUE,我は酸っぱいワインが好きぞ！,363,900,14,282,363,365
四条 優希,McDVY-Mv4aWfIZt@bodafone.ne.jp,douUhiNl,22,,31,3,無職,FALSE,朕は甘いワインが好きです。,364,230,806,596,364,366
八島 宇宙,FZaRp91Lr3f@hardbank.ne.jp,wcMN6r7P,40,0,1,28,マフィア,FALSE,俺は酸っぱいワインが好きです。,365,465,913,660,365,367
三本松 権三,fRn6TTxvzp@hardbank.ne.jp,C8qi3GJx,92,1,40,21,料理人,FALSE,,366,538,90,11,366,368
五十嵐 進,M8ZcH1nJuc0j-2J8lWV@dokoka.ne.jp,YFjwL1QN,54,1,19,7,思想家,,ミーは甘いワインが好きですわ。,367,166,570,866,367,369
八島 瑞穂,REBN_TLZ7W@tukuba.ac.jp,pxiSYd4K,79,1,11,17,猟師,TRUE,ミーは苦いワインが好きぞ！,368,495,771,400,368,370
四条 守,21j1GKbKEESLpa@dokoka.ne.jp,yGFXumOU,37,1,37,36,商社マン,FALSE,僕は美味しいワインが好きぞ！,369,591,2,199,369,371
七井 権三,WrIlxWG3_bDSvtR6qVhX@ibarakgi.ac.jp,S8CjAoYr,26,1,25,5,小説家,TRUE,ミーは酸っぱいワインが好きですわ。,370,801,879,254,370,372
二宮 塔哉,qOjOT2CeI-F@dokoka.ne.jp,c6X50iyz,71,0,29,25,政治家,FALSE,ミーは美味しいワインが好きですわ。,371,980,304,606,371,373
四条 優希,2CjaE9R4@hardbank.ne.jp,pQWZmYWo,51,1,8,38,配管工,TRUE,俺は辛いワインが好きです。,372,806,680,132,372,374
四条 塔哉,zpwJ9k8UIe2@tukuba.ac.jp,FdJGKpSH,68,0,8,21,,FALSE,僕は美味しいワインが好き。,373,382,558,676,373,375
一之瀬 優希,SnBt-4Z9g1jdmw9z@yafoo.co.jp,HEjU4MtV,45,1,19,8,料理人,TRUE,私は酸っぱいワインが好きぞ！,374,251,353,803,374,376
五十嵐 優希,Vg8aA-kIAVH@dokoka.ne.jp,ZksQAurf,81,0,46,39,公務員,TRUE,僕は辛いワインが好きです。,375,551,498,391,375,377
猪狩 権三,9bEA15T9ApRg@bezew.ne.jp,ImGwdm40,73,0,18,33,料理人,FALSE,朕は苦いワインが好きです。,376,546,401,724,376,378
一之瀬 賢二,IbYskteCZnh-fWe7st4@hero.ne.jp,CuJMYOWM,94,0,5,47,配管工,TRUE,我は苦いワインが好きよ！,377,215,164,715,377,379
九十九 権三,R3smmoDWai8tZmZ@tukuba.ac.jp,kYj2SJGU,51,1,43,20,政治家,TRUE,朕は苦いワインが好きですわ。,378,103,344,894,378,380
猪狩 中,5y_l3siEnn@hardbank.ne.jp,p19t3bR1,78,1,37,23,小説家,,僕は美味しいワインが好き。,379,979,15,490,379,381
九十九 塔哉,TY2Dp@wiicom.com,NSdQcbOI,56,0,25,1,マフィア,TRUE,私は美味しいワインが好き。,380,318,149,893,380,382
猪狩 宇宙,eIIyq@hardbank.ne.jp,TFc4QkOQ,56,0,47,5,公務員,FALSE,私は渋いワインが好きよ！,381,852,116,797,381,383
猪狩 一,doacEhTU@goole.com,xu0eCUWv,82,0,45,18,教師,TRUE,我は渋いワインが好きぞ！,382,674,160,292,382,384
猪狩 宇宙,zAKbCBzje0xYk_1Q1D@yafoo.co.jp,XTMIxA1G,39,0,17,20,商社マン,FALSE,僕は渋いワインが好きです。,383,514,650,950,383,385
八島 守,iTwCmBgSL6Oyo@bodafone.ne.jp,8dgdf7Hd,45,,1,14,公務員,TRUE,僕は辛いワインが好きぞ！,384,349,716,212,384,386
七井 宇宙,v_6rFfRKZiA_nOU2@bezew.ne.jp,AJ0uhGBc,73,1,10,24,医者,FALSE,ミーは渋いワインが好きぞ！,385,312,260,526,385,387
二宮 権三,ZeMyx5@tukuba.ac.jp,cvFc5bwz,45,0,38,7,マフィア,TRUE,私は苦いワインが好きぞ！,386,567,170,859,386,388
四条 進,s7VxUzKKAJ1ZZiE1Ge@bezew.ne.jp,JEDr2D9v,24,0,34,8,プロ野球選手,,俺は酸っぱいワインが好きです。,387,189,27,149,387,389
猪狩 権三,4L1DpMn_O3Z@tukuba.ac.jp,2IU91R6q,60,0,29,44,政治家,TRUE,朕は苦いワインが好きです。,388,818,428,193,388,390
三本松 守,RCwpHYmu88Xweukb8o@bodafone.ne.jp,VBuN6dnA,45,0,23,25,料理人,TRUE,僕は渋いワインが好き。,389,629,115,77,389,391
一之瀬 賢二,hQh1i6T_KRn@wiicom.com,O8xV9yYv,92,1,12,1,思想家,FALSE,,390,438,659,655,390,392
一之瀬 宇宙,c7gpggrbJa-eK33@tukuba.ac.jp,MhEkaH1d,88,0,44,4,,FALSE,ミーは辛いワインが好き。,391,84,839,822,391,393
二宮 権三,EeOcjSg@bodafone.ne.jp,NvGnK4zk,23,1,28,47,役者,FALSE,ミーは辛いワインが好きです。,392,249,852,307,392,394
九十九 守,hINrAAo62rdsFF64EH-I@tukuba.ac.jp,dXRyyjId,81,0,2,4,帝王,TRUE,俺は美味しいワインが好き。,393,120,292,107,393,395
一之瀬 権三,J8V3D-7Mual@wiicom.com,bioqLfKH,46,,19,44,小説家,FALSE,ミーは渋いワインが好きぞ！,394,882,704,981,394,396
猪狩 権三,SLL-JwQJ3DEh6D9P@hardbank.ne.jp,ZiJMbnls,64,,39,11,思想家,TRUE,私は渋いワインが好きです。,395,51,841,514,395,397
三本松 守,gQvVQ35jgkMx2hzx@goole.com,EqRHg14o,74,1,5,34,,TRUE,,396,64,182,907,396,398
六本木 中,1Hv6I3S8FSsGp@dokoka.ne.jp,AdjIR8mf,86,0,36,3,漁師,TRUE,私は渋いワインが好きぞ！,397,776,982,108,397,399
猪狩 権三,fVNxtwC3ryXWDG@goole.com,mdqr2Ztn,33,0,31,8,プロ野球選手,FALSE,我は酸っぱいワインが好きですわ。,398,746,486,508,398,400
五十嵐 守,EzmBfLtAGmOKF@ibarakgi.ac.jp,ExkKJR2v,68,0,17,30,漁師,FALSE,私は渋いワインが好きですわ。,399,37,437,319,399,401
二宮 権三,cy4X_DkaEzG@goole.com,T4GR60Je,24,1,6,1,システムエンジニア,FALSE,私は渋いワインが好きです。,400,736,279,616,400,402
九十九 塔哉,K6dcchbwyJaa5@hardbank.ne.jp,LLYCRfCG,34,1,4,3,,TRUE,ミーは甘いワインが好きよ！,401,940,244,756,401,403
四条 進,hFctmPQZszok1VOCT@goole.com,ZLtDUkxG,36,0,22,41,商社マン,TRUE,我は甘いワインが好きぞ！,402,534,151,108,402,404
猪狩 賢二,0XQ-kxveCK@yafoo.co.jp,PZpmAP5y,59,0,17,18,銀行員,TRUE,,403,301,827,90,403,405
七井 瑞穂,nuzZxGQCCL0@hero.ne.jp,q63Ln5F1,36,0,42,5,政治家,FALSE,僕は酸っぱいワインが好き。,404,347,899,310,404,406
七井 優希,HSsvLkj0gp-@hardbank.ne.jp,VXdQE7s6,55,0,27,30,システムエンジニア,TRUE,我は酸っぱいワインが好きよ！,405,229,683,941,405,407
八島 宇宙,UzZ5sgIyj-@tukuba.ac.jp,KSKnpdNv,31,1,16,21,,TRUE,ミーは苦いワインが好きよ！,406,258,47,239,406,408
九十九 優希,XIaG-OzVfSPPkY2f@hero.ne.jp,7cwuzePL,55,0,32,25,政治家,FALSE,ミーは苦いワインが好きです。,407,976,283,716,407,409
二宮 賢二,Fv_c86W2tZ82mHnu3@tukuba.ac.jp,aieKlUUG,66,1,31,23,無職,TRUE,私は酸っぱいワインが好きです。,408,877,82,207,408,410
六本木 優希,W5A6mvMO1rl31WIbAp@hero.ne.jp,ibfLxZNr,22,0,34,32,政治家,,俺は辛いワインが好き。,409,784,311,742,409,411
六本木 塔哉,ip6zbjTXX@dokoka.ne.jp,FfO499Vd,91,0,6,35,マフィア,TRUE,ミーは苦いワインが好きです。,410,873,940,609,410,412
九十九 守,jqcKyezmvYV@bezew.ne.jp,9wbtJKCg,60,1,44,41,役者,TRUE,ミーは渋いワインが好きよ！,411,754,573,273,411,413
九十九 守,7NPYEZ-fOjqc@hardbank.ne.jp,lYRmxG6M,91,0,33,17,思想家,,朕は苦いワインが好きですわ。,412,682,800,344,412,414
六本木 進,nbvyj@dokoka.ne.jp,3aAsJg5j,,1,32,9,料理人,,僕は辛いワインが好きよ！,413,177,910,294,413,415
八島 優希,OEOfr44qJKC8Z0@bezew.ne.jp,Hqhw3suM,85,0,6,11,マフィア,TRUE,我は苦いワインが好きぞ！,414,34,954,992,414,416
八島 優希,E_qMk5_UMHqK@tukuba.ac.jp,HrOuz6Yd,,,7,38,システムエンジニア,FALSE,ミーは美味しいワインが好きぞ！,415,50,445,410,415,417
六本木 宇宙,2t7L-iL@goole.com,zkoyO7eE,64,1,28,34,漁師,FALSE,ミーは酸っぱいワインが好き。,416,864,399,657,416,418
三本松 権三,C2Y7WHoJQTLa1ke_@goole.com,EJ1PHOB1,28,0,39,43,システムエンジニア,TRUE,ミーは甘いワインが好きぞ！,417,828,465,867,417,419
八島 権三,2ySA3Y9a3tfpLNpD@bodafone.ne.jp,nN7bg0Zk,35,0,20,25,マフィア,TRUE,我は苦いワインが好きです。,418,317,940,535,418,420
八島 塔哉,n3kKPDaN2@ibarakgi.ac.jp,PUHLNuNy,22,1,8,16,教師,FALSE,俺は苦いワインが好きぞ！,419,441,196,240,419,421
六本木 守,-YlqXsmAWKXG2JeAv@bezew.ne.jp,Jekm9owJ,53,0,11,16,商社マン,TRUE,朕は渋いワインが好きよ！,420,591,300,981,420,422
九十九 優希,3D-IoEIKbTAMYwKcua@dokoka.ne.jp,AFwEMAfr,26,,19,9,銀行員,TRUE,俺は苦いワインが好きですわ。,421,170,364,519,421,423
二宮 権三,5dBan4P187QvRcQx0ZYO@bezew.ne.jp,kiKnnXxd,80,0,9,4,無職,TRUE,我は甘いワインが好きです。,422,116,203,160,422,424
七井 優希,YrHV4kmB8wK1@dokoka.ne.jp,fugkc7F9,36,1,21,6,帝王,TRUE,朕は甘いワインが好き。,423,157,325,754,423,425
一之瀬 塔哉,yC3tuDpn6CYRK@bodafone.ne.jp,hw1VL0Gz,86,0,21,9,,,僕は美味しいワインが好きよ！,424,20,590,625,424,426
四条 優希,H9tfoP_kut3I6_S@goole.com,HxCnNM1U,80,0,28,34,,FALSE,俺は酸っぱいワインが好きです。,425,231,671,643,425,427
三本松 進,wyEnX9BvqYta3cZZzb9@ibarakgi.ac.jp,Cx9jMzvU,62,0,25,17,配管工,TRUE,朕は美味しいワインが好きです。,426,882,693,590,426,428
二宮 進,oI8LG_R28Qrr98vhox@goole.com,h9cwAwPr,86,0,15,2,,TRUE,俺は渋いワインが好きぞ！,427,197,546,908,427,429
猪狩 守,ObN1ryOwVpZ8_@hardbank.ne.jp,0xwFMYJs,81,0,4,31,無職,FALSE,ミーは甘いワインが好き。,428,932,529,791,428,430
九十九 賢二,TpRTpSZOVZn@ibarakgi.ac.jp,Ekcw099D,97,1,38,35,役者,TRUE,ミーは苦いワインが好きよ！,429,431,459,209,429,431
九十九 権三,lsXz-5vtwKB@wiicom.com,ZxzOfeOt,,0,41,39,医者,FALSE,我は渋いワインが好き。,430,989,913,889,430,432
九十九 一,8ar5CB1@ibarakgi.ac.jp,f6nSh9aM,80,,31,21,,FALSE,僕は辛いワインが好きですわ。,431,433,153,171,431,433
六本木 進,dxpQ_xgOs@tukuba.ac.jp,YPxqFKUC,81,0,16,45,無職,FALSE,我は甘いワインが好きぞ！,432,639,60,232,432,434
九十九 中,ovQ12Fo_QVm_4AeuenTc@dokoka.ne.jp,SATI3Vjb,44,,47,1,システムエンジニア,FALSE,朕は苦いワインが好きです。,433,825,522,86,433,435
猪狩 守,5J55WTyx@dokoka.ne.jp,sgYUDlpE,39,0,37,43,医者,TRUE,私は美味しいワインが好きぞ！,434,39,892,179,434,436
猪狩 中,ygJOWFEtFVw6rm@bezew.ne.jp,ne0bA3cj,46,0,23,7,商社マン,FALSE,ミーは美味しいワインが好きぞ！,435,354,168,630,435,437
猪狩 進,9rkp_t@wiicom.com,RWkilVKJ,20,,15,31,小説家,TRUE,朕は渋いワインが好きぞ！,436,199,495,93,436,438
六本木 一,3XOYvmTgysom5WTj@wiicom.com,VPVI4zAl,20,1,34,23,小説家,FALSE,俺は苦いワインが好きよ！,437,268,241,775,437,439
二宮 宇宙,eQ50s4XaKsA2cjtzEXKW@ibarakgi.ac.jp,tDQL3E0P,,0,5,29,料理人,FALSE,俺は美味しいワインが好きよ！,438,480,731,812,438,440
二宮 権三,t0LM9kPjCqcDUybRN_J@bezew.ne.jp,r80QGZP6,79,0,9,36,公務員,FALSE,僕は渋いワインが好きよ！,439,611,343,869,439,441
猪狩 宇宙,cN9Un7A0VPUPFTGI_bS@hero.ne.jp,FkBeazPs,90,1,5,14,大学生,TRUE,私は美味しいワインが好きぞ！,440,691,120,592,440,442
九十九 権三,8vmgm_O5@bezew.ne.jp,xrelZmzl,97,0,11,46,傭兵,FALSE,僕は渋いワインが好きですわ。,441,236,245,300,441,443
五十嵐 賢二,19-QzWvj7hfkvqJ4rTv@bezew.ne.jp,ltktEUwS,81,1,27,26,商社マン,FALSE,朕は辛いワインが好きぞ！,442,200,610,337,442,444
四条 賢二,FYziFUMMsnPDCTrw@dokoka.ne.jp,c5eWgePk,53,0,6,3,大学生,TRUE,ミーは辛いワインが好きぞ！,443,450,862,386,443,445
七井 宇宙,w_bEy-ebAC_@wiicom.com,s9FKAJZe,33,0,4,18,傭兵,,俺は甘いワインが好きです。,444,107,363,237,444,446
五十嵐 一,hpE063o4qJGy@hardbank.ne.jp,HS8Q0dH6,77,1,6,6,システムエンジニア,TRUE,俺は苦いワインが好きです。,445,840,741,664,445,447
四条 塔哉,tKBZIrQOpQI3UooGydh3@goole.com,BDhrJSrR,31,0,35,23,銀行員,TRUE,俺は辛いワインが好きぞ！,446,807,823,755,446,448
八島 中,lWfKMaC@ibarakgi.ac.jp,qXZV1vvj,83,1,16,29,漁師,FALSE,僕は苦いワインが好きです。,447,790,932,462,447,449
八島 賢二,AY_soeHvkaNOT@bodafone.ne.jp,nEMUBH62,70,1,31,38,猟師,FALSE,私は美味しいワインが好きぞ！,448,216,38,863,448,450
一之瀬 賢二,Dyq5SdzkV@bezew.ne.jp,wyefTsSY,87,0,35,14,商社マン,TRUE,ミーは苦いワインが好きです。,449,371,531,897,449,451
五十嵐 塔哉,q2KTHRK@hero.ne.jp,Z8DmcXDP,53,1,20,35,商社マン,TRUE,僕は苦いワインが好きですわ。,450,126,388,767,450,452
七井 権三,LLKvqUOkZimnpZ3v@wiicom.com,RRj6SAzs,21,1,27,47,帝王,FALSE,,451,603,978,339,451,453
二宮 守,MCU7YMVu@goole.com,BQ09qHkh,,,7,19,猟師,FALSE,ミーは辛いワインが好き。,452,886,130,464,452,454
六本木 賢二,0owbIbvMdSqxI44@bezew.ne.jp,aOsHsKBn,59,0,20,11,商社マン,FALSE,,453,951,345,482,453,455
四条 瑞穂,pys-0Ti@yafoo.co.jp,32suGJD1,24,1,33,19,大学生,FALSE,,454,93,231,276,454,456
三本松 瑞穂,8EiVXe-0SW2J@wiicom.com,lRzQTCAA,31,1,2,21,医者,FALSE,朕は渋いワインが好きよ！,455,603,377,246,455,457
四条 一,bBD8VA@tukuba.ac.jp,jfW4JuFD,23,1,2,35,,FALSE,我は渋いワインが好きですわ。,456,280,367,124,456,458
七井 守,JXj5Crl4n@bodafone.ne.jp,H0P5Scud,37,1,8,38,教師,TRUE,俺は美味しいワインが好きよ！,457,768,14,338,457,459
八島 瑞穂,DVukj-0k@goole.com,NM49MlYc,86,1,26,22,猟師,TRUE,俺は酸っぱいワインが好きぞ！,458,405,794,781,458,460
五十嵐 中,1R3Ci6IkaO@goole.com,rqscD8oK,70,1,25,13,プロ野球選手,FALSE,朕は辛いワインが好き。,459,528,409,757,459,461
二宮 塔哉,GXs4MkFE_b-kRYF1ry5@hero.ne.jp,QQwWV0Kd,,1,17,23,商社マン,FALSE,僕は渋いワインが好きですわ。,460,941,436,984,460,462
七井 中,RsoDIQGVcNdBKcF@hero.ne.jp,EXruy4BZ,95,0,11,33,銀行員,TRUE,僕は甘いワインが好き。,461,414,661,608,461,463
猪狩 守,svN6bWluyelmJ2Ik@wiicom.com,B9ChYOD7,,0,27,4,料理人,FALSE,我は酸っぱいワインが好きよ！,462,287,119,463,462,464
二宮 一,bjLNhfNqmwOF1Wzq4W4Y@tukuba.ac.jp,4pNaEs6a,90,0,8,41,教師,TRUE,朕は美味しいワインが好きです。,463,657,191,538,463,465
八島 瑞穂,5VW35uAlNS@goole.com,Ygeq4BEy,41,0,38,12,政治家,FALSE,我は辛いワインが好きですわ。,464,602,379,413,464,466
九十九 瑞穂,3b5GT7Q6IHd@bezew.ne.jp,8Fl9qYJ8,53,0,40,45,,,僕は渋いワインが好き。,465,802,203,850,465,467
四条 権三,mJeRwqKAMt@dokoka.ne.jp,WZfQNpTX,42,1,7,25,商社マン,,私は苦いワインが好きよ！,466,565,236,803,466,468
二宮 権三,20qWbsN_xK0SBSTOcmOm@ibarakgi.ac.jp,2WhQmHaF,93,1,4,4,猟師,FALSE,僕は辛いワインが好きよ！,467,286,365,958,467,469
七井 宇宙,DNJJ8GCORsDd7a-K@bezew.ne.jp,fdjR0sB6,90,1,44,28,システムエンジニア,TRUE,僕は辛いワインが好きよ！,468,629,977,27,468,470
五十嵐 優希,r_eB32@bodafone.ne.jp,kvhalmao,44,0,40,34,医者,TRUE,我は甘いワインが好きよ！,469,327,15,156,469,471
六本木 瑞穂,qMPt9cwD@ibarakgi.ac.jp,SGkdNgwY,94,,32,29,医者,,私は渋いワインが好きですわ。,470,362,433,872,470,472
六本木 優希,-BeBSPj5EwL@bezew.ne.jp,CwBE5cEM,65,1,23,35,医者,TRUE,俺は辛いワインが好きです。,471,680,292,745,471,473
三本松 宇宙,p56N8XihSqPGbF66@goole.com,HkMr1RbW,40,0,32,18,教師,TRUE,僕は苦いワインが好きです。,472,451,248,946,472,474
八島 権三,SmGpT_uG5S2u2w@tukuba.ac.jp,n6atirrk,61,1,31,39,銀行員,TRUE,朕は甘いワインが好きですわ。,473,632,236,123,473,475
四条 中,TNMG5-08ocahCUu4k@tukuba.ac.jp,19w1C0iD,21,0,10,30,,,僕は甘いワインが好きぞ！,474,569,667,317,474,476
四条 守,11jauuRKy-hrf5eFy_s@tukuba.ac.jp,zxq7YMfA,,1,4,32,政治家,TRUE,,475,688,540,434,475,477
七井 賢二,K2OM1ArB4VqcxlE_@wiicom.com,B2zSvXpY,31,1,45,2,銀行員,TRUE,朕は渋いワインが好き。,476,46,437,260,476,478
七井 権三,rdjlWLvBRy@hardbank.ne.jp,Sur7DzZi,50,1,12,34,公務員,FALSE,朕は美味しいワインが好きぞ！,477,881,937,655,477,479
九十九 進,F57udeVQAfthYAN-Iy1Y@yafoo.co.jp,eiuWG2YG,46,0,24,44,大学生,TRUE,ミーは美味しいワインが好きですわ。,478,776,725,965,478,480
七井 瑞穂,mRcdCyp7BO@dokoka.ne.jp,FDUMSkzD,73,1,14,5,配管工,TRUE,僕は甘いワインが好き。,479,140,622,367,479,481
一之瀬 賢二,bMWCd1k@goole.com,hYjs3yrV,79,0,35,14,,TRUE,私は酸っぱいワインが好きです。,480,750,56,459,480,482
六本木 瑞穂,OXf6oMzJAAYDsM9@bodafone.ne.jp,y1qNzhDc,54,0,11,20,,TRUE,僕は甘いワインが好きよ！,481,581,201,972,481,483
二宮 一,DplaapVzMIL0RT@hero.ne.jp,6Xdt1Ubj,40,1,44,28,システムエンジニア,TRUE,我は辛いワインが好きぞ！,482,861,520,686,482,484
八島 塔哉,6oRh7Z4L0@dokoka.ne.jp,UBjqfjnU,24,0,17,14,大学生,FALSE,俺は辛いワインが好き。,483,615,587,517,483,485
五十嵐 瑞穂,3yaTnTaniff-m@tukuba.ac.jp,7obIJ66j,70,0,22,19,銀行員,TRUE,朕は苦いワインが好き。,484,56,195,530,484,486
六本木 守,Bce2ISCH@bezew.ne.jp,uDV6NsHw,95,,22,17,プロ野球選手,FALSE,私は甘いワインが好き。,485,230,107,306,485,487
一之瀬 賢二,87Mash@tukuba.ac.jp,C0qL3aO2,25,1,45,7,,TRUE,僕は苦いワインが好きですわ。,486,280,255,976,486,488
七井 一,mJpFhKt4C-K78DT@goole.com,a2CMhVE8,63,,32,9,商社マン,TRUE,僕は美味しいワインが好きよ！,487,761,804,706,487,489
八島 守,I4-tc71@tukuba.ac.jp,snMCh2yZ,21,0,10,38,政治家,FALSE,我は酸っぱいワインが好きよ！,488,794,862,1,488,490
二宮 守,nwQsOvDFyqPehMpQz@hardbank.ne.jp,z3F4wSmw,79,1,33,19,漁師,,私は酸っぱいワインが好き。,489,506,963,934,489,491
六本木 宇宙,wclabIBZcPB-iw5@tukuba.ac.jp,G3XWysMg,44,,15,8,銀行員,TRUE,我は苦いワインが好きよ！,490,618,78,540,490,492
六本木 中,LuKkr2i4ERdOTvCAa@ibarakgi.ac.jp,6bSS3Pbz,95,0,30,47,プロ野球選手,TRUE,ミーは渋いワインが好き。,491,924,837,0,491,493
二宮 賢二,Xvu8MH67ZJVT@hardbank.ne.jp,co4r6BG9,48,0,43,46,教師,,朕は酸っぱいワインが好きですわ。,492,396,277,60,492,494
二宮 進,4EeBUQbKC-v@tukuba.ac.jp,SVm9uFCx,47,0,1,42,帝王,FALSE,俺は酸っぱいワインが好きですわ。,493,434,556,76,493,495
七井 進,QXKUgFOpDseK_pgq@wiicom.com,NpqLiLVH,,1,18,36,料理人,,我は苦いワインが好き。,494,885,62,751,494,496
猪狩 一,BhtZAz5@hardbank.ne.jp,cClcdjGf,,1,19,7,猟師,FALSE,ミーは辛いワインが好きです。,495,721,520,733,495,497
四条 権三,Q--2yhn3j72odZ0FC@wiicom.com,cSM7wHSX,58,0,19,29,帝王,TRUE,俺は美味しいワインが好きですわ。,496,598,318,147,496,498
八島 優希,cokH_p@dokoka.ne.jp,mrrABp1v,27,0,46,4,医者,FALSE,朕は苦いワインが好きよ！,497,444,181,318,497,499
五十嵐 中,tCMNDDyiopTLY@bezew.ne.jp,LFaJyjuH,88,0,36,7,役者,TRUE,,498,505,419,223,498,500
八島 一,kPjD9_Q@bodafone.ne.jp,esBSOZUu,67,1,29,43,配管工,TRUE,我は辛いワインが好きぞ！,499,924,89,447,499,501
六本木 塔哉,PCRDIm3Ibc3Z@dokoka.ne.jp,LHee4sE1,98,1,13,45,政治家,FALSE,ミーは甘いワインが好きですわ。,500,518,896,919,500,502
八島 進,J6wkUyJg@bodafone.ne.jp,HH0jVJqR,59,0,45,8,配管工,TRUE,僕は渋いワインが好き。,501,74,592,937,501,503
四条 宇宙,zxJCt0Xl9@tukuba.ac.jp,TfXvkEyP,,1,43,37,小説家,TRUE,僕は美味しいワインが好きよ！,502,423,319,296,502,504
八島 一,L_CBNOZHyD9YUS3R5@tukuba.ac.jp,Q5ihUXwt,38,1,39,14,教師,TRUE,俺は辛いワインが好きよ！,503,649,128,147,503,505
五十嵐 瑞穂,qlhknPqvWdDBfQ8@ibarakgi.ac.jp,2SvDVHVi,86,1,47,12,漁師,FALSE,俺は辛いワインが好き。,504,721,543,278,504,506
六本木 中,0U5iJ88cfdz8U@bezew.ne.jp,XKUpHJaC,37,1,46,28,傭兵,FALSE,朕は甘いワインが好きです。,505,239,250,404,505,507
五十嵐 進,b_PXr6KN1MXXvj@hardbank.ne.jp,eh5IanY6,,1,14,12,公務員,FALSE,私は美味しいワインが好きぞ！,506,41,752,803,506,508
三本松 瑞穂,sOFOpbvPa6@dokoka.ne.jp,n1WRv0BW,84,,42,4,帝王,,僕は美味しいワインが好きですわ。,507,769,381,75,507,509
一之瀬 賢二,2YZyHqGDszte-Gy4@bodafone.ne.jp,X6BYAruw,41,0,23,9,思想家,TRUE,朕は辛いワインが好きですわ。,508,473,623,693,508,510
二宮 権三,JX670j4aJDIRd@goole.com,O5j9bK4J,83,1,19,11,傭兵,TRUE,朕は美味しいワインが好きです。,509,739,72,829,509,511
一之瀬 塔哉,rdV9LO0M@hardbank.ne.jp,hCUnVuu5,66,,25,47,システムエンジニア,TRUE,ミーは辛いワインが好きぞ！,510,985,863,372,510,512
八島 瑞穂,M7FhOvFGUdR@ibarakgi.ac.jp,L7WiY2Xb,24,1,37,36,漁師,TRUE,私は渋いワインが好き。,511,781,767,450,511,513
七井 中,H-PciaiNnYpyStqVdBe1@wiicom.com,2Vf1xx5g,43,1,30,17,思想家,FALSE,我は甘いワインが好きです。,512,675,91,273,512,514
五十嵐 守,h15P3ZdrN@hardbank.ne.jp,wCYjRfva,57,1,38,27,思想家,TRUE,俺は辛いワインが好きです。,513,715,264,152,513,515
九十九 一,TfZgubvIPZ81p5QT@wiicom.com,Ii9tcrPI,44,1,9,29,マフィア,TRUE,俺は甘いワインが好きよ！,514,601,722,163,514,516
四条 瑞穂,OtiLfq3LZJ4@tukuba.ac.jp,5okxErwc,40,1,1,43,プロ野球選手,FALSE,我は酸っぱいワインが好きぞ！,515,49,867,318,515,517
一之瀬 塔哉,-beMJbpOD7ZvqyOIid1@hero.ne.jp,WHer1OTr,62,,18,5,医者,TRUE,我は甘いワインが好きですわ。,516,331,666,936,516,518
六本木 優希,L69sEmaN_t@tukuba.ac.jp,3aKQN65J,58,1,23,2,,FALSE,朕は甘いワインが好きですわ。,517,438,991,69,517,519
四条 瑞穂,6t5pWkREwu12eN@goole.com,ZeB6DixR,21,,24,23,漁師,FALSE,僕は美味しいワインが好きぞ！,518,811,817,550,518,520
六本木 宇宙,F4tphPFD@goole.com,2UZQDbPu,73,0,5,43,公務員,TRUE,我は美味しいワインが好きですわ。,519,689,926,985,519,521
三本松 宇宙,2JWOVcMJsdYSqTsmqu@dokoka.ne.jp,q0Z7EUPE,93,0,26,30,大学生,FALSE,ミーは苦いワインが好きぞ！,520,889,722,741,520,522
猪狩 瑞穂,jkux8Kxi3Je@goole.com,4VcrVih5,96,0,2,24,漁師,,ミーは甘いワインが好きですわ。,521,389,903,238,521,523
一之瀬 宇宙,jKbI9gv@goole.com,NLRNeD09,92,1,21,40,漁師,FALSE,ミーは辛いワインが好きぞ！,522,789,963,553,522,524
八島 守,K6EGvD0OYRuCC7n@dokoka.ne.jp,3h6Nt0ht,76,0,33,2,公務員,TRUE,俺は辛いワインが好きぞ！,523,788,874,827,523,525
四条 進,SQPe2Ofh9GyJ6tc@bezew.ne.jp,phSwOaPR,43,0,33,23,教師,FALSE,,524,422,336,960,524,526
一之瀬 瑞穂,KfgIeWVNb3ogKujh@yafoo.co.jp,iEUzr0Q7,31,1,23,17,思想家,FALSE,ミーは美味しいワインが好きです。,525,835,443,735,525,527
八島 賢二,erZMGlxWbd@tukuba.ac.jp,3no9G5j5,68,,46,41,配管工,TRUE,私は甘いワインが好きです。,526,481,411,561,526,528
四条 守,BLOPPPOriU4tpAQkTXmf@dokoka.ne.jp,voRjzxvb,65,0,6,14,小説家,FALSE,朕は酸っぱいワインが好きよ！,527,417,137,844,527,529
九十九 中,rmeJDayssxy@wiicom.com,Umfkz9wN,90,0,42,23,医者,FALSE,朕は辛いワインが好き。,528,713,130,680,528,530
九十九 宇宙,23gXEN@dokoka.ne.jp,TkjJLb12,74,0,32,28,,TRUE,僕は酸っぱいワインが好きぞ！,529,945,208,419,529,531
四条 進,sbbQGcnkrFs6NaS@hardbank.ne.jp,SgJzjAMb,,1,37,4,政治家,FALSE,俺は酸っぱいワインが好きよ！,530,692,856,888,530,532
四条 宇宙,k7LKz1xm3lp47LCM@hero.ne.jp,ase9V4LI,39,1,28,32,プロ野球選手,FALSE,我は酸っぱいワインが好きですわ。,531,394,15,142,531,533
四条 一,qSbm_1JorsS3cNKAM@bezew.ne.jp,mEXLYSsq,,1,3,47,傭兵,TRUE,ミーは苦いワインが好きですわ。,532,376,920,513,532,534
八島 一,bat8HaUpoEGh3IvSn@goole.com,xgxMEy8y,54,0,42,13,大学生,FALSE,俺は辛いワインが好きよ！,533,939,904,519,533,535
五十嵐 宇宙,5ZHuyC650b4Gu5E9X@bezew.ne.jp,MLgIGh5K,92,1,42,10,小説家,TRUE,僕は酸っぱいワインが好きぞ！,534,912,606,360,534,536
猪狩 賢二,x0qMDa5fUNany3U@tukuba.ac.jp,rU1dcICs,93,1,6,7,思想家,FALSE,朕は酸っぱいワインが好き。,535,419,393,547,535,537
二宮 賢二,-2OJuhN@hero.ne.jp,wPSnA1gQ,86,,4,7,銀行員,FALSE,ミーは苦いワインが好きですわ。,536,742,818,99,536,538
猪狩 一,YuqhyMO11t@wiicom.com,MRt330bX,26,1,2,45,配管工,FALSE,私は辛いワインが好きぞ！,537,83,836,725,537,539
三本松 宇宙,4WT75OAiEKeKuNzgz@dokoka.ne.jp,iA1QlCO8,76,,7,19,医者,,俺は酸っぱいワインが好きよ！,538,416,171,476,538,540
七井 優希,1L0pgsnpTOMZh@ibarakgi.ac.jp,I2YGXTu7,49,1,32,27,,TRUE,ミーは美味しいワインが好きぞ！,539,749,813,251,539,541
七井 権三,Yv-yB3MgcEb@dokoka.ne.jp,jxSgxhYL,37,0,7,4,傭兵,TRUE,僕は渋いワインが好きよ！,540,394,423,243,540,542
三本松 賢二,bdv5yw_R@dokoka.ne.jp,9uWDkgo9,57,0,8,5,プロ野球選手,TRUE,俺は美味しいワインが好きぞ！,541,629,859,72,541,543
七井 一,Q9dPYvbbDXHaOy7B@hero.ne.jp,whEhnsZ8,48,1,14,27,銀行員,FALSE,私は渋いワインが好き。,542,454,932,395,542,544
五十嵐 進,WTGYBFyzvfV0yx2wE@tukuba.ac.jp,nWQ1d52k,24,1,11,27,教師,FALSE,僕は美味しいワインが好き。,543,689,298,452,543,545
六本木 一,L87Tov7NH3IQ-y@dokoka.ne.jp,9uNnmwS5,49,0,42,47,公務員,,ミーは渋いワインが好きです。,544,781,705,973,544,546
五十嵐 中,N55OZY_ABe@dokoka.ne.jp,OtbccgHN,44,0,40,35,公務員,FALSE,私は苦いワインが好きよ！,545,821,628,643,545,547
九十九 中,OakkJ@yafoo.co.jp,dCPznFB9,,0,14,31,漁師,FALSE,朕は苦いワインが好き。,546,943,324,75,546,548
五十嵐 権三,fMB2dEym1UiFF@bodafone.ne.jp,sMDJYYXt,68,0,37,1,料理人,FALSE,我は渋いワインが好きですわ。,547,298,665,860,547,549
七井 権三,4flivhr-kw@dokoka.ne.jp,6CY3NWjD,,1,44,7,帝王,FALSE,我は苦いワインが好きぞ！,548,316,858,682,548,550
二宮 賢二,nl6dh@tukuba.ac.jp,hCm0voAj,69,0,38,11,帝王,,ミーは渋いワインが好きです。,549,215,473,618,549,551
七井 一,xBFi1T37Qld7@goole.com,zZUvM9nt,53,1,28,11,傭兵,FALSE,我は甘いワインが好きぞ！,550,218,898,906,550,552
五十嵐 宇宙,nl9Jq_1Fz@bezew.ne.jp,24gis4Ee,42,1,31,29,思想家,TRUE,朕は酸っぱいワインが好き。,551,788,587,526,551,553
一之瀬 瑞穂,pMj531-z3oghonqRkr@hero.ne.jp,OL3t4Dgg,65,0,18,13,配管工,FALSE,我は甘いワインが好き。,552,917,78,425,552,554
二宮 瑞穂,oOtlOshJ@wiicom.com,OlwwCIIy,88,1,40,20,教師,TRUE,ミーは苦いワインが好きです。,553,63,800,391,553,555
七井 賢二,becTcvYgavy@bodafone.ne.jp,VM5vBbgm,81,0,16,35,医者,TRUE,,554,142,219,365,554,556
一之瀬 一,Krhk7iCOmfd0V66@dokoka.ne.jp,ft7BXiNH,79,0,29,16,教師,TRUE,僕は甘いワインが好きよ！,555,468,717,179,555,557
二宮 進,wJ7q38rYjuk0Gtif@yafoo.co.jp,lerDmew0,32,0,38,18,教師,TRUE,ミーは苦いワインが好き。,556,155,79,896,556,558
六本木 進,CwWBs@goole.com,D58GWSav,46,0,24,30,小説家,TRUE,我は渋いワインが好き。,557,809,828,403,557,559
一之瀬 中,opA0w6u@bezew.ne.jp,BPZvxmMg,98,0,40,29,料理人,FALSE,我は甘いワインが好き。,558,920,755,727,558,560
二宮 守,Erwh3-UPx0mx@goole.com,dLy8bjZ1,69,,40,2,銀行員,FALSE,俺は美味しいワインが好きです。,559,936,972,103,559,561
五十嵐 塔哉,Ey0vEdBIF@hero.ne.jp,AwZLhaQq,88,1,43,6,,FALSE,ミーは渋いワインが好きですわ。,560,258,467,673,560,562
二宮 優希,Ya9ebZq@goole.com,U9iEqmXz,25,0,24,41,帝王,,僕は美味しいワインが好き。,561,346,578,23,561,563
猪狩 中,tYbnJ2AEBKTdXc2@dokoka.ne.jp,LFijd2Aj,,1,45,20,配管工,TRUE,俺は甘いワインが好きよ！,562,568,117,190,562,564
猪狩 賢二,KVeB-mqFzFoG9wSz@hardbank.ne.jp,9cNuh9pQ,83,0,8,6,政治家,FALSE,俺は酸っぱいワインが好きですわ。,563,641,315,864,563,565
六本木 中,9QW09zjEm@goole.com,ubTjN005,,1,32,41,プロ野球選手,FALSE,俺は甘いワインが好きよ！,564,793,499,379,564,566
四条 中,djcbcexCDkoh@bodafone.ne.jp,zsQqlXwi,,0,2,6,漁師,FALSE,私は甘いワインが好き。,565,780,637,196,565,567
八島 中,69TTA_Vuz87-C@goole.com,cV6dxZmg,64,1,5,40,帝王,FALSE,,566,304,462,30,566,568
四条 権三,2wxEbmh@tukuba.ac.jp,cWafvt9p,35,0,42,36,プロ野球選手,TRUE,ミーは渋いワインが好きですわ。,567,119,164,810,567,569
二宮 賢二,SlNMerDXDiyWvyO0R0p@goole.com,jNPKeD4p,35,0,3,9,システムエンジニア,FALSE,私は甘いワインが好きよ！,568,308,259,526,568,570
八島 優希,d-r2KvXAPIO@ibarakgi.ac.jp,h5KKFGVJ,43,1,23,22,政治家,,,569,339,541,590,569,571
七井 塔哉,BKseKEYJ9p8X4@yafoo.co.jp,haF7cknx,60,0,3,7,役者,FALSE,僕は酸っぱいワインが好きぞ！,570,547,450,292,570,572
六本木 進,D5apraoEBI4V_@wiicom.com,crNY5kv9,87,0,12,40,役者,FALSE,俺は苦いワインが好きですわ。,571,385,459,793,571,573
五十嵐 一,CXWlFXWkSB@hero.ne.jp,NSb5GodY,71,0,38,33,思想家,TRUE,僕は甘いワインが好きぞ！,572,862,68,115,572,574
九十九 瑞穂,z4HoQ2naC@dokoka.ne.jp,sDHrRJiy,82,0,39,28,配管工,FALSE,私は甘いワインが好き。,573,84,851,205,573,575
九十九 賢二,3fEZCsxXNajZHcP@hardbank.ne.jp,zmDTeufG,78,0,24,29,料理人,FALSE,我は酸っぱいワインが好き。,574,890,528,637,574,576
猪狩 中,ANpr9-b3ge@goole.com,IujfprR5,76,1,21,23,思想家,FALSE,ミーは辛いワインが好きですわ。,575,244,59,522,575,577
七井 権三,yxrU-I8Vj@dokoka.ne.jp,R0F8fLk6,50,0,17,2,システムエンジニア,FALSE,私は酸っぱいワインが好き。,576,776,478,649,576,578
六本木 進,9D-vEaaw3vJCArtc@tukuba.ac.jp,GsVzImgI,,1,9,11,,TRUE,私は渋いワインが好きよ！,577,271,687,669,577,579
八島 宇宙,bO0sPn-g43Fd@hero.ne.jp,EDyh7vtT,90,0,46,26,料理人,FALSE,ミーは甘いワインが好きです。,578,48,541,436,578,580
九十九 瑞穂,9a6tC@dokoka.ne.jp,ztNgQ27N,40,1,28,26,思想家,TRUE,ミーは美味しいワインが好きです。,579,758,734,179,579,581
五十嵐 中,nJN0Pb_@bodafone.ne.jp,p6DYmz9W,,0,35,19,,FALSE,我は辛いワインが好きぞ！,580,994,920,488,580,582
二宮 進,SmW-kNT6daX_sH1Bh3f@goole.com,MT0q4r8r,29,1,28,35,小説家,FALSE,私は酸っぱいワインが好き。,581,101,19,727,581,583
五十嵐 賢二,d3YFFCFfz50wGWTVJXR@dokoka.ne.jp,x9biwEvB,,0,17,35,プロ野球選手,FALSE,私は甘いワインが好きですわ。,582,648,868,554,582,584
一之瀬 塔哉,vjB8J80zWvjM-ds@hero.ne.jp,b3EgqKPX,37,0,24,9,,FALSE,ミーは辛いワインが好きですわ。,583,103,479,228,583,585
八島 塔哉,48DeU@yafoo.co.jp,SJ7xWUnu,56,1,16,18,政治家,FALSE,,584,894,76,656,584,586
九十九 賢二,ZD9Uq_3i8FzD@ibarakgi.ac.jp,uFZcdvtj,36,0,13,16,プロ野球選手,TRUE,俺は甘いワインが好きよ！,585,666,204,530,585,587
八島 権三,T6ZVCM@bezew.ne.jp,db8zzmI5,86,1,9,12,猟師,FALSE,僕は辛いワインが好きですわ。,586,742,974,723,586,588
四条 権三,lVI2R0_MDzUI_4xUZ@bodafone.ne.jp,WwAevHqC,91,0,18,15,思想家,FALSE,朕は甘いワインが好きぞ！,587,260,994,921,587,589
猪狩 塔哉,kdyz4mDEUgXJKaiVox@ibarakgi.ac.jp,gowX3bmO,50,1,31,4,無職,,朕は渋いワインが好きよ！,588,993,826,988,588,590
二宮 権三,QsRoQiMVZ_v7spxC0@dokoka.ne.jp,O42okVj2,68,1,5,23,帝王,TRUE,ミーは甘いワインが好き。,589,584,56,13,589,591
四条 中,N8aey8ajdh9DwB0qCc7@wiicom.com,eMuwXsQT,61,1,40,37,マフィア,TRUE,我は辛いワインが好きよ！,590,871,285,753,590,592
一之瀬 瑞穂,85u7XojbO0@tukuba.ac.jp,ccKIFyeD,54,0,9,19,マフィア,FALSE,僕は美味しいワインが好き。,591,307,394,213,591,593
三本松 中,3fde1YbFH@yafoo.co.jp,Cv5IkFTj,22,0,8,26,プロ野球選手,TRUE,俺は酸っぱいワインが好きぞ！,592,967,233,465,592,594
四条 守,4He11M0Kr96hk1z7zl@yafoo.co.jp,BhriNJkw,73,0,28,10,,TRUE,ミーは酸っぱいワインが好きよ！,593,537,307,643,593,595
六本木 瑞穂,DKZDl-wM_OFBJk3n@goole.com,UJONyb9G,41,0,30,7,無職,FALSE,ミーは甘いワインが好きよ！,594,366,846,234,594,596
八島 優希,Qb1S1sOrylr2_T@ibarakgi.ac.jp,Rtqu8xol,95,0,13,42,政治家,FALSE,ミーは渋いワインが好きよ！,595,821,856,907,595,597
一之瀬 権三,iaKyimEjTPRZeN684wA4@goole.com,D8z2nX13,92,1,18,13,システムエンジニア,TRUE,,596,392,176,262,596,598
二宮 塔哉,QZN9d2s@hardbank.ne.jp,EaTiP7kp,90,,9,25,公務員,TRUE,僕は酸っぱいワインが好きぞ！,597,879,285,471,597,599
四条 賢二,1FpA6VWkYy5qtC@goole.com,Pu5l3nkp,76,1,25,42,傭兵,FALSE,ミーは美味しいワインが好きぞ！,598,482,664,242,598,600
八島 権三,21skt23TUFnS5@dokoka.ne.jp,exX9qnPk,23,0,19,26,漁師,FALSE,ミーは辛いワインが好き。,599,739,344,760,599,601
一之瀬 賢二,8hTE_WTi_Kl3w1rzcNes@goole.com,J5wAohrF,35,1,32,13,思想家,TRUE,ミーは辛いワインが好きです。,600,345,173,818,600,602
九十九 賢二,cg7ZrF@bodafone.ne.jp,vXwQbWry,39,1,13,27,,FALSE,僕は辛いワインが好きですわ。,601,892,696,183,601,603
五十嵐 権三,Iytm2Z9SjFZ@bodafone.ne.jp,aIxkxzs0,52,1,12,2,プロ野球選手,,僕は美味しいワインが好きぞ！,602,477,49,962,602,604
猪狩 賢二,eUSSZX3YCfNBt@goole.com,UdNFxbDZ,75,0,40,4,無職,TRUE,ミーは辛いワインが好きよ！,603,222,661,664,603,605
猪狩 中,dRCOve7-X@wiicom.com,fFvVqjR0,50,1,46,35,猟師,TRUE,僕は酸っぱいワインが好きぞ！,604,793,998,933,604,606
六本木 中,rgUIklh@bodafone.ne.jp,slkonQCx,44,1,17,31,漁師,TRUE,私は苦いワインが好き。,605,856,493,705,605,607
八島 塔哉,Tr96PIM2V1o7_C1kNLX@wiicom.com,ZsDKXbUa,20,0,13,38,無職,TRUE,,606,524,66,929,606,608
四条 瑞穂,eWjtGYv47@wiicom.com,5gBi76f3,46,1,33,39,配管工,,ミーは美味しいワインが好き。,607,763,624,106,607,609
二宮 権三,GKsZDj-jhrHtMNGXpHbP@wiicom.com,E4nfapVE,77,0,46,18,配管工,TRUE,僕は甘いワインが好きですわ。,608,127,50,440,608,610
八島 一,abyJjntqDOGdyJjn7_6V@ibarakgi.ac.jp,JxoGtxO1,62,0,10,46,役者,TRUE,俺は辛いワインが好き。,609,295,687,750,609,611
九十九 瑞穂,cU65GpwVc6No6vVwyDy@wiicom.com,aQOkgDNJ,49,0,23,35,公務員,TRUE,俺は苦いワインが好きです。,610,220,257,324,610,612
六本木 賢二,Th_1oTHj7lr9jeLx@tukuba.ac.jp,tuDxQBaK,,1,13,2,帝王,FALSE,ミーは苦いワインが好きです。,611,245,980,566,611,613
猪狩 一,QqBq68sMVBZmT9ezk_IB@dokoka.ne.jp,W4ouZOdf,45,1,40,27,役者,TRUE,我は渋いワインが好きです。,612,114,871,407,612,614
七井 進,udN5w4vRw7hz8J@tukuba.ac.jp,E0SnkZEC,60,0,31,28,,FALSE,私は辛いワインが好きぞ！,613,39,536,306,613,615
二宮 守,HlOhvCmZCHPN1Onfg@dokoka.ne.jp,rqh9nIIe,73,,18,3,猟師,FALSE,私は美味しいワインが好きぞ！,614,829,905,975,614,616
一之瀬 進,c84EkViXPzlZMUMQ9c@bezew.ne.jp,QmxvG6yt,51,0,26,42,帝王,TRUE,俺は酸っぱいワインが好きよ！,615,426,819,174,615,617
八島 瑞穂,vihcelFYCANRbcO2vS@hardbank.ne.jp,9qFyPB00,64,0,25,26,役者,FALSE,朕は美味しいワインが好きですわ。,616,85,581,722,616,618
二宮 権三,Jh98VPCQKtLDc@goole.com,bBEP7CcS,25,1,41,10,銀行員,TRUE,僕は酸っぱいワインが好きですわ。,617,926,296,430,617,619
八島 塔哉,1rFHaTKGobpcL@dokoka.ne.jp,AC21OTAr,99,0,14,38,帝王,TRUE,ミーは苦いワインが好き。,618,371,481,946,618,620
猪狩 中,Lxy0Z7iVASatL4o@dokoka.ne.jp,ndeOlTEN,50,0,8,13,大学生,TRUE,俺は苦いワインが好きよ！,619,692,651,796,619,621
八島 優希,qFxU2pIgrumMU@tukuba.ac.jp,Wf63Itfo,90,1,47,14,医者,TRUE,朕は酸っぱいワインが好きぞ！,620,232,413,89,620,622
八島 塔哉,8ntHnncdSzSBCtu@wiicom.com,1Y8zJEbd,58,1,31,32,小説家,FALSE,我は酸っぱいワインが好きぞ！,621,527,183,544,621,623
九十九 賢二,3VsQCyw1JlL@bezew.ne.jp,ZYyHlGaa,86,1,18,28,政治家,FALSE,私は酸っぱいワインが好きですわ。,622,431,77,493,622,624
八島 優希,S4LyRufJXZf@ibarakgi.ac.jp,AFecfjwD,70,0,34,29,,TRUE,私は渋いワインが好きです。,623,560,278,996,623,625
五十嵐 賢二,y3RhEw6Jmf@bodafone.ne.jp,TlnT3f3j,54,0,4,46,銀行員,TRUE,我は甘いワインが好きですわ。,624,684,796,860,624,626
三本松 瑞穂,qNzq5-8T5EHGs7CNc@wiicom.com,Q9yvg6ix,39,1,1,33,帝王,FALSE,ミーは苦いワインが好きぞ！,625,709,108,340,625,627
二宮 瑞穂,bKW0yOs@hardbank.ne.jp,j87N31cj,71,1,29,43,役者,FALSE,俺は苦いワインが好きぞ！,626,884,906,200,626,628
九十九 中,uvId48fBCEz5I@wiicom.com,JGkLa4Cz,50,1,42,34,大学生,TRUE,,627,792,795,987,627,629
四条 賢二,UsXQkt7D-@dokoka.ne.jp,FCu0rcHA,60,1,29,44,プロ野球選手,TRUE,僕は美味しいワインが好きよ！,628,675,301,798,628,630
猪狩 中,jjaKgkYJSdPK7A@wiicom.com,D6Rr7q11,87,0,36,3,システムエンジニア,FALSE,僕は美味しいワインが好きぞ！,629,316,452,681,629,631
九十九 宇宙,JP_sN@wiicom.com,TWDUElBU,42,0,34,20,配管工,FALSE,僕は渋いワインが好きよ！,630,790,109,591,630,632
九十九 守,9H7iDccfiLL7WIxW@dokoka.ne.jp,A9AmTQu2,84,0,27,2,大学生,FALSE,我は辛いワインが好きです。,631,267,311,777,631,633
六本木 進,CRcq9uc-X3WuaO@ibarakgi.ac.jp,aHqvLHKU,24,1,2,27,マフィア,TRUE,私は辛いワインが好きよ！,632,23,826,752,632,634
八島 優希,Q1_osWhtgTUFynYQEXj2@dokoka.ne.jp,4vof3KpO,27,1,46,2,漁師,TRUE,私は酸っぱいワインが好き。,633,579,795,701,633,635
六本木 中,y1SePc2fNV4QGQd-cj@hardbank.ne.jp,lKhWEcJy,90,1,5,19,帝王,TRUE,私は美味しいワインが好きよ！,634,687,98,910,634,636
二宮 瑞穂,719HSs9PJTNnWDcrK7MB@tukuba.ac.jp,ctWtYKf6,45,1,36,3,,FALSE,私は甘いワインが好きです。,635,612,643,877,635,637
九十九 一,4-ZgUHlGyec5PVwWfm@bezew.ne.jp,otatGwRv,24,1,27,19,小説家,TRUE,ミーは甘いワインが好きです。,636,19,272,850,636,638
六本木 賢二,IBHZhR@goole.com,AwEepdYo,,0,36,45,無職,TRUE,俺は苦いワインが好き。,637,396,283,565,637,639
六本木 進,DagNuBVIxH@bezew.ne.jp,GjGkRM0e,71,1,23,12,,TRUE,朕は甘いワインが好きです。,638,432,765,44,638,640
二宮 宇宙,E_9OGZM5xYlxYjBDR1@wiicom.com,93TmkMtG,31,1,23,37,政治家,,俺は酸っぱいワインが好きぞ！,639,525,838,74,639,641
三本松 進,riR2JsVk5aEThB@hero.ne.jp,EC05bjpn,54,0,22,39,料理人,,,640,562,245,391,640,642
三本松 中,iIwYAl7eF8_@ibarakgi.ac.jp,4Yl8ilVb,39,1,19,45,思想家,TRUE,我は辛いワインが好きです。,641,719,788,915,641,643
五十嵐 塔哉,UoCYavltEtZ10Al_PKk@ibarakgi.ac.jp,TTetg1zb,76,0,38,39,マフィア,FALSE,我は苦いワインが好きですわ。,642,74,650,17,642,644
猪狩 賢二,U2nEY@ibarakgi.ac.jp,aGhfertt,90,1,37,38,マフィア,FALSE,我は渋いワインが好きよ！,643,146,847,884,643,645
九十九 優希,5CF_NiqDyq2TtmJoWJe@hardbank.ne.jp,1vPhXQtW,94,1,7,46,大学生,FALSE,我は辛いワインが好きですわ。,644,922,285,961,644,646
猪狩 進,SXL_4bayU5Kn-@bodafone.ne.jp,gxbEDf5q,77,,38,42,政治家,TRUE,,645,43,658,859,645,647
七井 権三,UIyS85c7@dokoka.ne.jp,stAaiMQ0,20,0,23,7,,TRUE,ミーは美味しいワインが好きです。,646,505,927,990,646,648
八島 優希,tLSgrig@bezew.ne.jp,iDnCdBWq,87,1,15,21,,FALSE,朕は酸っぱいワインが好きよ！,647,446,780,277,647,649
六本木 中,eXNmuu8But-y3-Hcoz@dokoka.ne.jp,8C4dTnne,73,1,3,25,医者,FALSE,私は辛いワインが好きですわ。,648,706,133,747,648,650
九十九 権三,J2tFcpyOlU@wiicom.com,Bg6roWvP,,1,14,5,無職,TRUE,,649,520,843,756,649,651
一之瀬 権三,e13pAy@hero.ne.jp,96rU0ibW,27,1,14,13,公務員,FALSE,ミーは渋いワインが好きぞ！,650,337,919,952,650,652
七井 中,DkYTTyEu0A4@dokoka.ne.jp,DbBScJfw,47,,29,30,小説家,FALSE,僕は辛いワインが好きです。,651,778,6,259,651,653
一之瀬 進,8es-31zB7xL3@hero.ne.jp,8aG1xTUm,,,13,46,猟師,FALSE,朕は酸っぱいワインが好きぞ！,652,383,878,360,652,654
八島 中,RSfW2BgsSBjxxFsGC@ibarakgi.ac.jp,sICAlurN,61,,24,14,教師,FALSE,我は苦いワインが好き。,653,100,758,447,653,655
七井 守,68Vm1@bezew.ne.jp,sQsLSwft,36,1,24,21,小説家,FALSE,ミーは苦いワインが好きぞ！,654,39,654,358,654,656
四条 瑞穂,ZVRqL0-n@hardbank.ne.jp,0cmtTLd4,84,0,3,13,教師,FALSE,俺は美味しいワインが好きぞ！,655,82,178,887,655,657
六本木 進,Z54aBbA@yafoo.co.jp,cFgsXYzO,48,1,13,14,大学生,TRUE,我は辛いワインが好き。,656,733,794,554,656,658
三本松 優希,Nov8jptpZo@yafoo.co.jp,S51UCmOx,97,1,1,7,,FALSE,朕は辛いワインが好き。,657,844,306,30,657,659
八島 中,ABRCYPeH7pU-oc@yafoo.co.jp,DVEPveyx,83,0,25,23,小説家,TRUE,ミーは酸っぱいワインが好きぞ！,658,237,947,425,658,660
三本松 中,Ls18yTUNMH@bezew.ne.jp,P9KHww5a,96,0,6,9,医者,TRUE,朕は甘いワインが好きぞ！,659,625,850,561,659,661
六本木 宇宙,HSJMtZ2oZOCRPrnl-@ibarakgi.ac.jp,e5hRxFnP,97,,9,7,猟師,FALSE,ミーは渋いワインが好きですわ。,660,522,52,66,660,662
四条 守,xMCq0QLZHgsUBcwP0R@goole.com,HcALQmjc,80,,32,21,,TRUE,我は美味しいワインが好きよ！,661,42,913,679,661,663
三本松 進,y760FBTsqrRj@bodafone.ne.jp,CfzKXFxs,,1,18,5,銀行員,FALSE,,662,608,380,853,662,664
三本松 賢二,Btcmt@hardbank.ne.jp,8tLERftB,62,1,26,20,配管工,,朕は美味しいワインが好きですわ。,663,207,453,203,663,665
六本木 瑞穂,wMAj8f5S_Y88RKCU-4@wiicom.com,xagLbMhR,46,1,37,36,教師,TRUE,我は美味しいワインが好きですわ。,664,16,222,891,664,666
一之瀬 塔哉,vaT5LkuvQKddkYnAENiO@dokoka.ne.jp,RMzEyZCy,61,0,28,26,思想家,TRUE,朕は美味しいワインが好きぞ！,665,841,594,392,665,667
一之瀬 優希,8dF5ATC@hardbank.ne.jp,EX9JXIR8,28,1,37,40,小説家,TRUE,,666,9,951,536,666,668
九十九 守,GqDBPsvY6Dee3Q0z@tukuba.ac.jp,f4my8ngF,96,1,19,2,思想家,TRUE,ミーは渋いワインが好きぞ！,667,617,934,192,667,669
七井 進,OIlQdMaXGa0Pw@yafoo.co.jp,k9IQq3iw,34,0,40,19,,FALSE,私は渋いワインが好きぞ！,668,781,536,737,668,670
一之瀬 権三,0CLFHPn1ZR1K@ibarakgi.ac.jp,TaDsqVXH,91,0,34,14,教師,FALSE,我は甘いワインが好きですわ。,669,227,304,885,669,671
三本松 進,y6OO8kChkMWU0nKDr@dokoka.ne.jp,liCUYLFq,59,1,3,36,役者,TRUE,私は美味しいワインが好きよ！,670,877,242,435,670,672
猪狩 守,4Fo3YN75NRUgbXX6DZNQ@hero.ne.jp,q3scglp4,98,1,30,6,役者,FALSE,俺は渋いワインが好きです。,671,500,37,973,671,673
四条 中,5GtUy@tukuba.ac.jp,zBiQsIux,65,1,38,41,教師,FALSE,僕は渋いワインが好きです。,672,351,116,815,672,674
九十九 進,zKO5eW7wkd@bezew.ne.jp,susL0Hkr,,1,30,39,マフィア,FALSE,我は苦いワインが好きよ！,673,538,924,382,673,675
八島 塔哉,eCAFYkx6sQk5kHcG@hero.ne.jp,0qwATWv3,26,1,2,28,料理人,TRUE,我は苦いワインが好きですわ。,674,76,636,649,674,676
九十九 権三,ecHC96M3IL7GO3a-@ibarakgi.ac.jp,cRKOZQp5,35,0,23,34,小説家,TRUE,俺は苦いワインが好きです。,675,722,908,681,675,677
九十九 賢二,9tbOEKOeX1BViYtK@dokoka.ne.jp,q8TlIlLB,55,0,46,1,無職,FALSE,我は甘いワインが好き。,676,550,384,629,676,678
九十九 賢二,J9FlwhvOElTfPc0vK@bezew.ne.jp,FcB5VvlM,82,0,41,28,料理人,TRUE,我は辛いワインが好き。,677,70,382,757,677,679
五十嵐 守,XhiBGENgPL@yafoo.co.jp,jOE77hcH,65,1,45,42,小説家,TRUE,,678,30,310,537,678,680
二宮 優希,-YD6FkVDQ_QqoawCxAW@goole.com,tEVY3EfB,25,0,29,23,公務員,FALSE,ミーは甘いワインが好きです。,679,138,139,95,679,681
五十嵐 守,FRN9xaE3r6PyBKEP@hardbank.ne.jp,MHUDlqK3,76,,14,22,公務員,TRUE,俺は酸っぱいワインが好き。,680,3,485,526,680,682
九十九 中,jUepRRjmY@hardbank.ne.jp,WMpvWIKu,79,0,45,23,傭兵,FALSE,朕は美味しいワインが好き。,681,389,954,623,681,683
二宮 宇宙,Nk0IWHucbaoSK@dokoka.ne.jp,c1GD0Gxy,85,0,23,23,思想家,TRUE,僕は酸っぱいワインが好き。,682,619,882,608,682,684
猪狩 優希,Xy5wSDIJlPq_MZJ13h7J@goole.com,HEtHJuHJ,54,1,6,8,商社マン,,私は辛いワインが好きぞ！,683,32,206,588,683,685
二宮 権三,8ISVbqe0LFlRFgp_h@yafoo.co.jp,jlmuHgay,51,1,31,43,漁師,,朕は辛いワインが好きですわ。,684,897,556,963,684,686
三本松 賢二,WA97rrXty7um@ibarakgi.ac.jp,ITj4pqTZ,39,0,41,43,マフィア,FALSE,私は苦いワインが好きです。,685,72,818,278,685,687
猪狩 塔哉,WHL3yaLKeMt@tukuba.ac.jp,kYOqwFb9,,0,45,6,漁師,TRUE,私は酸っぱいワインが好きです。,686,230,295,886,686,688
一之瀬 宇宙,eP86vRowhM_e@hero.ne.jp,NjpPmvjY,88,0,33,34,小説家,TRUE,俺は渋いワインが好きですわ。,687,452,27,261,687,689
七井 一,AGGU-aeNIITx@bodafone.ne.jp,p8IypjSa,53,0,6,20,,TRUE,私は酸っぱいワインが好き。,688,911,370,118,688,690
三本松 守,zK0IW4vqJkO@dokoka.ne.jp,3COm1zMV,88,0,7,38,,FALSE,,689,464,765,375,689,691
猪狩 宇宙,KplR5w0Oi5xX30U@dokoka.ne.jp,VxLIUsW5,24,0,7,23,公務員,TRUE,私は辛いワインが好きです。,690,329,870,534,690,692
一之瀬 一,5ZZSbFhrX@dokoka.ne.jp,gRWuTaYM,30,0,36,3,,TRUE,我は苦いワインが好きよ！,691,558,833,493,691,693
八島 権三,BGVi07X@yafoo.co.jp,DXBfXNHa,36,0,47,14,料理人,TRUE,,692,502,88,910,692,694
八島 一,Q6KIZJodP6@tukuba.ac.jp,JJweduH8,24,,36,35,役者,TRUE,俺は辛いワインが好きよ！,693,672,383,667,693,695
二宮 中,d0pjhy5jknBLC8@goole.com,TUZR0wGU,94,0,1,26,システムエンジニア,TRUE,我は甘いワインが好きですわ。,694,812,120,45,694,696
三本松 守,xxnaEeY50TGfvIey1Ps@tukuba.ac.jp,zVUB7gkM,80,1,15,44,役者,FALSE,我は美味しいワインが好きよ！,695,792,564,248,695,697
二宮 進,7whHA5HroXb11@hero.ne.jp,D1k6SjPt,28,1,8,36,銀行員,TRUE,ミーは甘いワインが好きぞ！,696,813,321,977,696,698
八島 優希,OK9ojIxrV@bezew.ne.jp,Qt1EvPZY,39,,24,9,小説家,TRUE,朕は酸っぱいワインが好きぞ！,697,633,159,5,697,699
四条 守,pB86-@goole.com,B4oRoOzL,21,0,15,9,帝王,FALSE,私は美味しいワインが好きぞ！,698,194,351,268,698,700
八島 優希,8SHa5Rd_2os97Yo5@goole.com,G2gPz1Yh,28,1,28,37,猟師,TRUE,俺は渋いワインが好き。,699,741,502,211,699,701
九十九 中,_aXy_N8D_nKCn@ibarakgi.ac.jp,OIif4Gta,,1,42,22,猟師,TRUE,朕は辛いワインが好きよ！,700,754,297,304,700,702
九十九 優希,VSlgRGpx@tukuba.ac.jp,BsyulxM7,45,1,24,35,猟師,FALSE,私は辛いワインが好きよ！,701,459,372,800,701,703
八島 中,FDb_yQxbMX@ibarakgi.ac.jp,bSdNtNxg,38,1,4,3,教師,TRUE,我は辛いワインが好きよ！,702,398,792,242,702,704
三本松 宇宙,jyyW2Sc@yafoo.co.jp,M7OX4vNP,94,1,25,47,思想家,FALSE,僕は苦いワインが好きですわ。,703,823,968,130,703,705
二宮 中,pKQ8NECaQX@hardbank.ne.jp,lk6PRVAM,71,1,3,18,無職,TRUE,私は美味しいワインが好きよ！,704,900,870,850,704,706
六本木 塔哉,I1qe-A1kE3iZI@hardbank.ne.jp,1BI0RYWg,20,0,2,5,思想家,TRUE,ミーは渋いワインが好きよ！,705,815,767,420,705,707
六本木 守,cEizQ_2@dokoka.ne.jp,U6Yqu5c3,37,0,29,11,医者,FALSE,俺は辛いワインが好きですわ。,706,815,522,753,706,708
三本松 権三,ylOlNz9C8b5e8C8_d@hardbank.ne.jp,rHqThWbl,61,1,45,43,小説家,TRUE,ミーは酸っぱいワインが好きです。,707,403,622,961,707,709
七井 塔哉,Qf5Vqt0GySbIz@goole.com,sMPxglWM,58,0,14,45,プロ野球選手,TRUE,,708,996,693,745,708,710
七井 中,cEbL8A-@wiicom.com,u0OdHvuE,33,1,12,12,商社マン,FALSE,ミーは渋いワインが好きよ！,709,921,34,46,709,711
四条 瑞穂,SveJbfvGsk@hardbank.ne.jp,7pXeLp6n,,1,22,18,傭兵,,僕は苦いワインが好きよ！,710,271,0,716,710,712
九十九 一,R1js48o3PxHisyW@goole.com,ktnOjCL3,78,0,10,39,料理人,TRUE,我は甘いワインが好きぞ！,711,44,691,249,711,713
猪狩 守,Ks1_E@tukuba.ac.jp,W5gxO4Mb,88,0,25,26,システムエンジニア,FALSE,,712,4,183,394,712,714
二宮 守,Z8yYuVwmAU@dokoka.ne.jp,5QiH7LMf,39,1,29,6,システムエンジニア,FALSE,私は美味しいワインが好きです。,713,950,916,559,713,715
八島 宇宙,x6HoL@tukuba.ac.jp,EnTR7RFk,47,1,15,23,帝王,,我は美味しいワインが好きです。,714,402,386,77,714,716
四条 守,CMbiNmRmx@yafoo.co.jp,AY1HL92D,60,1,3,10,,TRUE,朕は甘いワインが好きぞ！,715,233,459,793,715,717
四条 進,7fQ0E0-h8OIv6Hc@bodafone.ne.jp,MPVlOaVx,97,1,15,19,大学生,,,716,501,191,389,716,718
三本松 守,Ej_UGDLxBXqg@wiicom.com,ZkDel6o4,39,0,3,26,役者,TRUE,我は美味しいワインが好きです。,717,800,664,727,717,719
四条 優希,1D6vitXobm@bodafone.ne.jp,lGsuMGjS,94,1,33,17,医者,TRUE,俺は辛いワインが好き。,718,996,228,383,718,720
二宮 塔哉,-bEf4@bodafone.ne.jp,eQqRBkwi,83,1,20,43,銀行員,FALSE,我は酸っぱいワインが好きですわ。,719,936,244,989,719,721
四条 塔哉,eaNGKYmN@wiicom.com,f44sQeQH,39,1,42,21,システムエンジニア,TRUE,私は酸っぱいワインが好きですわ。,720,100,681,22,720,722
七井 権三,8dSSC4MVkAVENu@bezew.ne.jp,Aygh1gO4,28,1,31,29,帝王,TRUE,我は渋いワインが好きですわ。,721,474,950,288,721,723
一之瀬 守,znEHT7fgzme20_0UkH1r@goole.com,fiOEM72n,66,0,24,22,帝王,TRUE,ミーは美味しいワインが好きよ！,722,776,71,594,722,724
七井 守,eZW2ZeXH8Zcq@hero.ne.jp,wgJeFvNN,97,1,15,38,マフィア,FALSE,僕は苦いワインが好き。,723,188,620,816,723,725
四条 宇宙,atbP5dmkV3m-al2eMFc@yafoo.co.jp,xc60Njyl,85,1,31,13,猟師,TRUE,俺は渋いワインが好きぞ！,724,881,382,129,724,726
四条 優希,H8vJFaJyyG7t0@bodafone.ne.jp,QRps6u4S,30,1,17,36,漁師,TRUE,,725,627,241,508,725,727
二宮 優希,ZCE15pdFx_yk1GbTBy8@dokoka.ne.jp,eHi8BuTG,22,1,20,34,システムエンジニア,FALSE,朕は渋いワインが好きぞ！,726,82,346,307,726,728
猪狩 進,nwIKZ@goole.com,Gpba04Z4,27,1,10,7,銀行員,FALSE,ミーは苦いワインが好き。,727,960,262,338,727,729
二宮 賢二,6AGomndHL0eK9cIMOUp@ibarakgi.ac.jp,ECYLnBDy,20,0,23,28,プロ野球選手,FALSE,僕は渋いワインが好きですわ。,728,510,918,959,728,730
一之瀬 進,FQe7EHM@ibarakgi.ac.jp,AdzfTVuC,54,,46,47,無職,FALSE,俺は渋いワインが好きですわ。,729,444,200,412,729,731
二宮 宇宙,Gw0c0ILqtgskCEU@yafoo.co.jp,YIo1AYDW,63,0,18,6,教師,FALSE,朕は美味しいワインが好きですわ。,730,399,555,661,730,732
一之瀬 一,h0nIXWUysarD5c@dokoka.ne.jp,njjYj0cX,48,1,29,4,配管工,TRUE,俺は苦いワインが好きですわ。,731,820,45,874,731,733
一之瀬 優希,4DX6RIoQp@yafoo.co.jp,E6dyyORd,66,1,36,35,公務員,TRUE,朕は酸っぱいワインが好きですわ。,732,930,8,290,732,734
七井 瑞穂,DCIWSxToDwpi5qyc@bezew.ne.jp,K8cdUcPs,46,0,17,41,配管工,TRUE,我は苦いワインが好きよ！,733,6,335,636,733,735
五十嵐 権三,W7i7kUq6JIqrLqATld@bodafone.ne.jp,CQ8DZYy9,42,0,20,6,思想家,FALSE,俺は辛いワインが好きよ！,734,612,574,441,734,736
一之瀬 中,C0TznZXCPmuRAbCsPUa@wiicom.com,JdAjS8Hv,97,1,12,15,公務員,TRUE,私は甘いワインが好きよ！,735,807,558,628,735,737
二宮 権三,5t5GfsMH@ibarakgi.ac.jp,vsJC0Fd0,44,0,18,21,マフィア,FALSE,我は酸っぱいワインが好きよ！,736,449,571,389,736,738
一之瀬 宇宙,bAsrZcshxL35kR@bezew.ne.jp,4TQnqV0P,50,0,41,46,猟師,TRUE,ミーは甘いワインが好きですわ。,737,49,618,309,737,739
九十九 優希,318V_2L@dokoka.ne.jp,pZoA770U,,0,45,14,銀行員,FALSE,,738,106,282,780,738,740
一之瀬 瑞穂,w0PMEtoyro@dokoka.ne.jp,H59Ilh5V,73,0,25,28,思想家,TRUE,僕は甘いワインが好き。,739,612,200,571,739,741
猪狩 塔哉,LvwqjMrekMSWstka5v3@bodafone.ne.jp,AKrEaamb,39,1,37,6,小説家,FALSE,俺は辛いワインが好きよ！,740,455,439,650,740,742
四条 中,JcgTBfCvGYzdcMb-a@tukuba.ac.jp,EcrIHoE0,24,0,7,5,思想家,FALSE,俺は酸っぱいワインが好きぞ！,741,74,745,541,741,743
六本木 中,SAFVpIjqfipZwNIvlimk@ibarakgi.ac.jp,IytJMSle,27,0,15,32,帝王,FALSE,我は渋いワインが好きです。,742,372,233,913,742,744
六本木 一,dAUEDJgvb4MugY@yafoo.co.jp,G104BhXt,50,1,12,4,,FALSE,,743,380,438,740,743,745
八島 守,2yJpFbr0JUALs@goole.com,iMxPNcfC,89,0,40,7,政治家,TRUE,僕は苦いワインが好き。,744,459,680,370,744,746
二宮 権三,vz4Ashvcm_7sWEqeD@ibarakgi.ac.jp,QLYOZyUw,83,0,36,16,傭兵,,俺は渋いワインが好きよ！,745,894,660,917,745,747
九十九 進,YTDJUyYW-5KvGcIsyZ8g@ibarakgi.ac.jp,xAlbSEbv,41,0,34,39,商社マン,FALSE,,746,207,753,935,746,748
一之瀬 守,wWoxG5b@hero.ne.jp,A1LHLnbw,79,0,16,10,銀行員,TRUE,,747,957,882,819,747,749
九十九 中,eOIT797GwtCc-uxYL7@tukuba.ac.jp,w98ulGoG,92,,23,1,思想家,TRUE,俺は美味しいワインが好きです。,748,829,888,917,748,750
五十嵐 一,DkS1Aq_@hardbank.ne.jp,b1vMRGhY,48,0,40,10,教師,,我は甘いワインが好きですわ。,749,711,84,288,749,751
六本木 一,li0GVwRi1sVbx@bezew.ne.jp,BdbNYgrn,99,,11,23,政治家,TRUE,私は苦いワインが好きぞ！,750,733,327,275,750,752
六本木 優希,wCqgQVERreq-Gj_CV@goole.com,qPt6cQBo,53,0,38,41,猟師,FALSE,我は渋いワインが好きぞ！,751,213,440,170,751,753
四条 塔哉,RpfCVwPO@bodafone.ne.jp,blHFN0dB,62,,27,46,マフィア,FALSE,俺は美味しいワインが好きよ！,752,671,59,308,752,754
四条 一,bYV4ipMFYe-lXQ8D@bodafone.ne.jp,RvvU12Oz,40,1,29,19,教師,,ミーは美味しいワインが好きですわ。,753,588,148,528,753,755
八島 権三,N0jwJGcFsZadvMrI4Pjx@goole.com,RgtO6mo7,32,,40,32,配管工,FALSE,俺は甘いワインが好きよ！,754,951,129,617,754,756
猪狩 中,qGjbdtv_y@bodafone.ne.jp,A971lEBI,45,1,10,28,役者,FALSE,僕は渋いワインが好きですわ。,755,357,526,937,755,757
五十嵐 中,SDP-H23obmCi@yafoo.co.jp,CUF8QK3L,37,0,26,33,思想家,FALSE,私は辛いワインが好きぞ！,756,695,85,395,756,758
五十嵐 塔哉,qLXMPJihpySzLacEl@dokoka.ne.jp,TxHy8l6w,,0,37,44,公務員,FALSE,僕は酸っぱいワインが好きぞ！,757,689,740,677,757,759
四条 宇宙,J41T6E@dokoka.ne.jp,01mUF8d4,28,1,43,38,料理人,TRUE,我は辛いワインが好きぞ！,758,109,646,577,758,760
猪狩 守,k7Rb8y@ibarakgi.ac.jp,mdDjflPV,64,0,3,42,料理人,TRUE,朕は苦いワインが好きよ！,759,231,151,580,759,761
四条 優希,yv6FcHf-d0S5z1dm_@hero.ne.jp,pm6iwds8,41,1,34,1,料理人,TRUE,私は酸っぱいワインが好きですわ。,760,748,722,730,760,762
三本松 優希,ieIZtpy7mMjQSm6j-X@yafoo.co.jp,5yvOmHE1,89,,16,45,,FALSE,朕は苦いワインが好きです。,761,673,818,347,761,763
一之瀬 守,0r3qVS5lP@tukuba.ac.jp,K7R1c8b9,68,1,33,18,漁師,TRUE,私は甘いワインが好きぞ！,762,719,570,768,762,764
七井 瑞穂,2Ex_809_LMbg@dokoka.ne.jp,eltFVOw1,62,,27,7,思想家,TRUE,私は苦いワインが好き。,763,801,932,359,763,765
一之瀬 宇宙,tDNq187J990Z@ibarakgi.ac.jp,0XJ7a2mx,94,1,20,10,小説家,FALSE,私は苦いワインが好きですわ。,764,454,669,629,764,766
八島 優希,nyIz9a3tPseQyQHxJ@bezew.ne.jp,I3lgNoXK,98,1,42,46,公務員,,ミーは甘いワインが好きです。,765,791,341,415,765,767
三本松 賢二,ViZAfWEpVomhmCV@wiicom.com,bQHhMoAi,57,0,18,9,思想家,FALSE,私は甘いワインが好きよ！,766,213,309,132,766,768
九十九 一,YvumRXTr3Co9cM_@bezew.ne.jp,1hvQYPZd,,1,25,18,政治家,FALSE,我は苦いワインが好きですわ。,767,568,530,895,767,769
七井 宇宙,lfPDBPHI4e14@goole.com,ux1B3ysW,96,0,17,39,思想家,,俺は苦いワインが好きぞ！,768,575,658,842,768,770
四条 権三,3C9zx02@ibarakgi.ac.jp,CEg3VA7s,98,,28,37,教師,TRUE,,769,406,970,66,769,771
一之瀬 賢二,_3Rm3LOcmqvgqXYWYV@yafoo.co.jp,KchcAbnw,59,1,34,27,教師,FALSE,ミーは渋いワインが好きぞ！,770,381,841,993,770,772
七井 塔哉,hqclZOWI@bezew.ne.jp,so7tqC9W,57,0,19,24,無職,FALSE,俺は酸っぱいワインが好き。,771,373,273,698,771,773
八島 中,FCxCgkJnQd@yafoo.co.jp,2QacLbxx,,0,5,3,料理人,FALSE,我は渋いワインが好きです。,772,344,95,194,772,774
七井 守,GHpXiDfr_@ibarakgi.ac.jp,ubUann5A,54,1,8,46,政治家,TRUE,僕は辛いワインが好き。,773,940,228,376,773,775
一之瀬 守,EYt_XKjjifkWg03@wiicom.com,nAOKZeX9,87,,46,45,プロ野球選手,TRUE,僕は苦いワインが好き。,774,597,416,118,774,776
七井 塔哉,YGYTEPJz9RcNtMUqGn@goole.com,7uD1dY4k,96,0,1,42,商社マン,TRUE,僕は甘いワインが好きよ！,775,39,120,73,775,777
五十嵐 宇宙,IV9tpG5@dokoka.ne.jp,PSWVQXDq,36,1,9,33,商社マン,TRUE,ミーは辛いワインが好きです。,776,680,965,450,776,778
六本木 一,pOsyhh4zZ56@hardbank.ne.jp,DjlFW1tE,98,0,45,13,医者,TRUE,我は酸っぱいワインが好きよ！,777,369,315,916,777,779
二宮 瑞穂,gKbiFUeAdGJ@tukuba.ac.jp,RKZY2EoD,39,0,1,27,漁師,,私は美味しいワインが好きです。,778,697,208,386,778,780
八島 一,fmARxV@yafoo.co.jp,g1JqNz4g,64,1,11,32,無職,TRUE,私は甘いワインが好きぞ！,779,641,888,296,779,781
三本松 瑞穂,66aky@bodafone.ne.jp,n84CtF3E,85,0,11,8,役者,TRUE,我は美味しいワインが好き。,780,992,656,742,780,782
二宮 優希,HlbCOq85E@goole.com,cIx7fgU1,22,1,26,40,無職,FALSE,僕は甘いワインが好き。,781,23,707,690,781,783
猪狩 塔哉,iMPHyzShfjZqqNmxMGP@goole.com,l0RhA6Gv,61,1,4,47,,TRUE,私は渋いワインが好き。,782,824,623,870,782,784
五十嵐 賢二,SKLakZBPyamv@tukuba.ac.jp,CucJf5a7,,,34,31,医者,TRUE,朕は酸っぱいワインが好きですわ。,783,133,330,1,783,785
七井 進,blY9r4AdVM1bv@wiicom.com,cVUXFG1C,71,1,33,39,マフィア,FALSE,ミーは美味しいワインが好きですわ。,784,48,321,564,784,786
四条 権三,G_WYTx6vRF8@dokoka.ne.jp,hPsv6HXN,21,0,44,46,無職,,俺は酸っぱいワインが好きですわ。,785,100,336,498,785,787
一之瀬 中,8UpySfbYcUJDd_1t_@hardbank.ne.jp,aasOAxP1,,0,40,20,,FALSE,,786,263,126,533,786,788
一之瀬 瑞穂,CQPg2NymMWEl8@bezew.ne.jp,O9fV4RYG,72,1,17,6,帝王,,私は渋いワインが好きですわ。,787,782,958,342,787,789
二宮 守,66nTbnOD212SdAtKeW@yafoo.co.jp,FGXdttox,71,1,31,44,商社マン,FALSE,ミーは渋いワインが好き。,788,677,27,558,788,790
九十九 一,yubghmEuFOy-@yafoo.co.jp,4nbQFmru,58,0,28,1,役者,FALSE,,789,507,815,9,789,791
七井 一,5q_ZJn4Bd9kT@hero.ne.jp,f2vOlvSp,46,0,23,36,猟師,FALSE,朕は美味しいワインが好きです。,790,840,894,938,790,792
六本木 守,wlZmDT@tukuba.ac.jp,K4K1K8TO,,0,10,8,,TRUE,ミーは酸っぱいワインが好きです。,791,357,765,915,791,793
七井 一,3htPC8p8-XIFScHZV0R@yafoo.co.jp,7Pc5vuhD,36,0,7,23,料理人,TRUE,私は苦いワインが好きですわ。,792,940,144,580,792,794
八島 進,sP7Rz1Yx4m@goole.com,bg1nWx9c,71,1,42,28,帝王,TRUE,僕は苦いワインが好きですわ。,793,568,86,384,793,795
五十嵐 塔哉,WteYEjkNvleJqZJ@wiicom.com,cn9kW4jq,54,1,12,37,教師,FALSE,私は甘いワインが好きぞ！,794,1,463,16,794,796
五十嵐 瑞穂,o02ZvuLXQGmvk@goole.com,SpuaY7V9,,1,32,25,漁師,TRUE,俺は辛いワインが好きです。,795,419,595,359,795,797
八島 中,nrXD4LcZuUFeVOcSO@hardbank.ne.jp,V0ocjs6g,21,1,22,3,無職,,朕は甘いワインが好きですわ。,796,306,538,69,796,798
三本松 優希,BeXZAFy9G6VnNc@wiicom.com,UnFhaTjb,98,,8,23,配管工,TRUE,朕は酸っぱいワインが好きぞ！,797,486,618,747,797,799
八島 宇宙,wDJ-tU08OPNGxePsJ0Q@bezew.ne.jp,pniXPZ62,72,0,9,33,銀行員,TRUE,僕は苦いワインが好きぞ！,798,686,47,995,798,800
七井 権三,bGUkv6U9qwherHIePL@bezew.ne.jp,leMiyH5a,70,0,36,17,マフィア,TRUE,僕は渋いワインが好き。,799,385,927,863,799,801
五十嵐 優希,nYuxGdeVUiBFw@hardbank.ne.jp,YpsPjE3i,68,1,16,28,,TRUE,朕は渋いワインが好き。,800,653,296,590,800,802
八島 守,A98hcfFq1ZsYftkBF9BO@bodafone.ne.jp,NtsIA2e2,23,0,29,23,傭兵,,ミーは渋いワインが好きですわ。,801,648,481,392,801,803
六本木 宇宙,nd3KEfX1qZ@hero.ne.jp,wMxWUl8G,54,1,42,43,大学生,TRUE,,802,818,458,699,802,804
七井 守,VA4FjBTd9HYL@yafoo.co.jp,kQBXZo90,,0,47,24,システムエンジニア,,朕は渋いワインが好きですわ。,803,186,260,413,803,805
猪狩 一,9NcO7Ce5f8r0rR6fV@ibarakgi.ac.jp,AhsSJIBn,91,0,11,32,マフィア,FALSE,私は美味しいワインが好きです。,804,382,37,829,804,806
七井 瑞穂,pL9WcBQ2-WHZ0@wiicom.com,y2Do7Tx8,53,1,17,12,,TRUE,俺は苦いワインが好きよ！,805,270,759,488,805,807
一之瀬 中,KvzsHn78k7AZU@dokoka.ne.jp,wlbZ0FC2,40,1,44,11,思想家,TRUE,我は美味しいワインが好きです。,806,237,526,715,806,808
三本松 守,DV9ZHgDgMr05@hardbank.ne.jp,b4Wjc7ga,84,1,46,9,帝王,FALSE,朕は辛いワインが好きぞ！,807,859,965,651,807,809
五十嵐 権三,FYnjRqDp3mV6-@yafoo.co.jp,pDHhBwVd,,0,46,34,政治家,FALSE,ミーは酸っぱいワインが好きですわ。,808,44,223,250,808,810
二宮 瑞穂,aTn0npTB6WaDHn1@bezew.ne.jp,I6rCw1CT,90,,38,36,医者,FALSE,私は酸っぱいワインが好き。,809,631,764,507,809,811
九十九 進,8z_Jfw3wRU2prhlA@wiicom.com,0vzfKayR,25,0,11,5,配管工,FALSE,朕は美味しいワインが好き。,810,53,707,292,810,812
一之瀬 優希,PTN5mP@bezew.ne.jp,KA6FjSiW,46,0,47,24,教師,TRUE,私は辛いワインが好きよ！,811,578,774,446,811,813
一之瀬 塔哉,CI6Oj9M@bodafone.ne.jp,062SWDqX,33,0,21,7,医者,TRUE,ミーは酸っぱいワインが好き。,812,29,663,607,812,814
九十九 宇宙,yspUvGl8gjwvKO@hardbank.ne.jp,8A1Siv77,37,1,41,41,政治家,TRUE,私は辛いワインが好きです。,813,305,506,909,813,815
一之瀬 進,TNdE9IOdy9HjykZZ@wiicom.com,cPARjfLY,38,0,3,46,大学生,FALSE,俺は酸っぱいワインが好きです。,814,387,437,7,814,816
四条 守,EbHR8bvuu2KtOo8WTuaK@tukuba.ac.jp,PPsgBrPq,59,1,37,5,配管工,FALSE,僕は苦いワインが好き。,815,644,577,389,815,817
四条 守,odLf38O6-xkKUZyjWz@tukuba.ac.jp,MKR2ghJQ,33,1,27,46,料理人,FALSE,我は甘いワインが好き。,816,611,389,475,816,818
猪狩 一,L5fAXUe9WwgQ2GT_7@goole.com,f76ysxxw,86,0,16,11,帝王,TRUE,,817,375,23,163,817,819
八島 守,UNwdyaA4FvjzK_VUHus@dokoka.ne.jp,oKM7n0sI,29,0,9,37,大学生,FALSE,俺は苦いワインが好きぞ！,818,598,0,938,818,820
五十嵐 優希,je63yfjicdNY@yafoo.co.jp,a1MRmaVz,31,1,22,31,思想家,FALSE,俺は辛いワインが好きぞ！,819,319,207,806,819,821
五十嵐 権三,iwPNSkCDqL8@yafoo.co.jp,72ORO7ob,,1,22,8,プロ野球選手,TRUE,,820,73,794,811,820,822
八島 優希,RL2BlQDek-FKukyFq9W5@goole.com,OcMrn10W,90,1,46,42,システムエンジニア,FALSE,我は辛いワインが好きですわ。,821,183,163,877,821,823
四条 進,RGF91lzMQBMkdK9@ibarakgi.ac.jp,2X9frFVb,,0,29,25,プロ野球選手,TRUE,ミーは美味しいワインが好きですわ。,822,405,705,994,822,824
五十嵐 進,xvF4jfCb7r7bTC@wiicom.com,bjwvOKBM,37,1,11,13,漁師,FALSE,我は苦いワインが好きですわ。,823,500,823,742,823,825
四条 一,4ycGGjZojKyDt5J@wiicom.com,Ize7r05J,99,,5,7,マフィア,FALSE,私は酸っぱいワインが好きぞ！,824,257,339,282,824,826
四条 守,5-rwup@wiicom.com,cNIBKjlC,87,0,39,4,猟師,TRUE,,825,246,582,571,825,827
七井 塔哉,qpSiic9A-bgtwZepMEqZ@hardbank.ne.jp,IM5IpY2L,96,0,38,5,配管工,FALSE,我は美味しいワインが好きですわ。,826,930,416,774,826,828
八島 賢二,xJjTEv@hero.ne.jp,QGpjFZGu,57,1,44,31,医者,FALSE,,827,96,905,343,827,829
五十嵐 瑞穂,pOV8JF@yafoo.co.jp,DM1K0sM0,64,0,25,13,猟師,TRUE,,828,561,29,821,828,830
七井 進,ipHwD9lsOtJis@ibarakgi.ac.jp,VGoHkqF5,55,0,27,32,配管工,TRUE,我は酸っぱいワインが好きです。,829,84,3,658,829,831
二宮 進,GFbZz@dokoka.ne.jp,leqdvZsC,30,0,35,13,教師,FALSE,朕は苦いワインが好きよ！,830,348,744,923,830,832
四条 権三,hoRFTRkFQBnZJsp0@goole.com,Os7xa5zn,69,1,37,37,小説家,FALSE,,831,895,197,257,831,833
猪狩 瑞穂,ygCmlxq46bqCRWGh2GOf@yafoo.co.jp,uvEZjQc8,52,,9,8,猟師,FALSE,,832,949,138,945,832,834
五十嵐 守,ZUMYsIWM-7CFzbx_e3Ml@bodafone.ne.jp,wsGfWbiw,89,0,11,2,教師,TRUE,,833,808,328,149,833,835
七井 塔哉,jkyJPv1_MBvI0VPVgPs@wiicom.com,2lVItcfb,71,0,29,16,教師,FALSE,僕は甘いワインが好き。,834,590,433,224,834,836
九十九 優希,lxtAKp0W6k_lFHy@bodafone.ne.jp,xAaZriGg,98,,4,22,猟師,FALSE,ミーは美味しいワインが好きぞ！,835,271,211,481,835,837
四条 中,fswTZJ5rIFdI5q@ibarakgi.ac.jp,1VoepMuI,69,0,46,20,小説家,FALSE,私は渋いワインが好きですわ。,836,492,800,682,836,838
一之瀬 中,43uzleCjwVDhZTw@dokoka.ne.jp,4On0CmMb,55,0,4,21,銀行員,FALSE,僕は辛いワインが好きですわ。,837,850,680,360,837,839
六本木 守,togqxjmm-FwpF1X@yafoo.co.jp,V1gkhRAs,59,0,32,46,システムエンジニア,TRUE,ミーは甘いワインが好きよ！,838,245,123,680,838,840
五十嵐 守,VLlINJt@goole.com,Otjl8IR5,62,1,4,8,配管工,TRUE,ミーは苦いワインが好きぞ！,839,36,565,551,839,841
四条 中,_fGpJSjAd@hardbank.ne.jp,L3xZSmX9,,0,35,2,料理人,FALSE,ミーは美味しいワインが好きよ！,840,338,781,476,840,842
三本松 進,0mLL9-R8LkD2PWyus7OP@yafoo.co.jp,r2hg8C5D,57,0,17,32,銀行員,FALSE,朕は辛いワインが好きです。,841,57,626,246,841,843
一之瀬 塔哉,giECD1X2@tukuba.ac.jp,XsaTiegL,54,0,37,42,帝王,FALSE,ミーは酸っぱいワインが好き。,842,542,111,494,842,844
二宮 一,S_ku4b@tukuba.ac.jp,At2yoiDh,79,0,43,29,思想家,TRUE,俺は苦いワインが好きです。,843,659,15,506,843,845
四条 権三,R0-MOZ@hero.ne.jp,g3OFgY4Q,61,1,25,2,プロ野球選手,FALSE,朕は甘いワインが好きよ！,844,458,35,509,844,846
四条 進,QuAv-v@dokoka.ne.jp,iqNidGrG,64,,31,27,,TRUE,,845,229,814,494,845,847
一之瀬 進,DFTMM@hero.ne.jp,9fNnhcKF,49,1,3,25,傭兵,TRUE,僕は苦いワインが好きですわ。,846,783,618,374,846,848
六本木 宇宙,Bg1551Safn40dQrrPu5@hardbank.ne.jp,oThferou,52,1,46,34,,FALSE,僕は甘いワインが好きです。,847,402,282,148,847,849
九十九 宇宙,Qd7-KNpW-hOXYAdGVNZj@bezew.ne.jp,zsPVLBC7,64,0,32,21,医者,TRUE,私は苦いワインが好きですわ。,848,53,569,586,848,850
六本木 進,eP35wwbXfU@hardbank.ne.jp,gHdYr6DG,90,1,1,18,料理人,FALSE,我は美味しいワインが好きよ！,849,652,993,515,849,851
九十九 権三,w9PanbZH@bodafone.ne.jp,cnlD9CFA,24,1,14,9,小説家,TRUE,ミーは苦いワインが好きよ！,850,929,13,723,850,852
八島 賢二,ndMUu_GWCO@hardbank.ne.jp,tVNoY5Sr,70,1,24,26,商社マン,TRUE,ミーは渋いワインが好きです。,851,818,749,59,851,853
五十嵐 塔哉,rYRWGM2S9@bodafone.ne.jp,48EUA2WT,92,1,34,38,大学生,FALSE,私は美味しいワインが好きですわ。,852,841,838,204,852,854
七井 進,s-h2IQ_V5@bezew.ne.jp,gnXL8LlR,62,,1,44,猟師,FALSE,,853,638,795,29,853,855
猪狩 優希,N1G0Ox7r6QZL9Z@yafoo.co.jp,NNqZIXTm,46,0,6,1,プロ野球選手,FALSE,僕は甘いワインが好き。,854,604,220,731,854,856
八島 瑞穂,jGWKGn@ibarakgi.ac.jp,wgGyWclf,62,1,39,26,,TRUE,僕は美味しいワインが好きですわ。,855,388,792,549,855,857
七井 権三,BeKVRpz8TCjIf8AIXlY@bezew.ne.jp,txLp2Trg,80,0,13,7,思想家,FALSE,我は辛いワインが好きですわ。,856,385,669,304,856,858
八島 塔哉,dkZhbZKVa7XiZ@dokoka.ne.jp,jn5HKTw7,32,0,32,3,傭兵,FALSE,我は美味しいワインが好きですわ。,857,540,974,937,857,859
九十九 優希,zGHOgAg-y2hGZb@hardbank.ne.jp,Mz6EAH5G,95,0,23,39,商社マン,TRUE,,858,691,224,62,858,860
四条 進,SIFtUhBa2@yafoo.co.jp,ponw5g4C,52,0,11,4,帝王,TRUE,,859,935,206,252,859,861
六本木 賢二,c1tYz@hardbank.ne.jp,TdcWIQI3,59,,5,4,プロ野球選手,TRUE,我は辛いワインが好きです。,860,182,946,812,860,862
九十九 塔哉,3mLSBZwoFbL@dokoka.ne.jp,JHMdLNnj,44,1,26,39,,TRUE,ミーは酸っぱいワインが好きよ！,861,444,957,881,861,863
五十嵐 賢二,BTT-wuenQCmBA@wiicom.com,cJfAh1ly,,0,40,1,医者,TRUE,朕は苦いワインが好きです。,862,19,794,821,862,864
六本木 中,8xzFnBPM@dokoka.ne.jp,8d8SjaG0,73,1,23,38,猟師,TRUE,ミーは苦いワインが好きぞ！,863,950,126,151,863,865
五十嵐 守,q-5bwO5hToGLmWz@dokoka.ne.jp,Z6j568kI,79,0,25,10,帝王,TRUE,僕は渋いワインが好きですわ。,864,430,355,709,864,866
三本松 権三,-QCCLSr86csNkVp@bezew.ne.jp,TWu2g4KV,40,1,15,15,公務員,TRUE,俺は酸っぱいワインが好き。,865,9,52,636,865,867
六本木 守,5U_Yi6B9ao5q8saL3Y@hero.ne.jp,JlaeKIbx,97,1,34,37,医者,TRUE,我は酸っぱいワインが好き。,866,900,448,124,866,868
猪狩 権三,tkX37byvZ8JV2xA@wiicom.com,eGThlT7f,38,1,2,19,猟師,TRUE,,867,225,111,522,867,869
二宮 進,Fq4f9ah@yafoo.co.jp,65yfGTSR,99,1,8,15,大学生,FALSE,,868,619,643,49,868,870
三本松 瑞穂,uwxkPZk10Yafro@bodafone.ne.jp,PVqQCMBJ,91,1,27,8,猟師,FALSE,朕は苦いワインが好き。,869,674,943,610,869,871
八島 権三,ZhajJNGPk@hardbank.ne.jp,7W8JqS7T,49,0,20,24,,,私は美味しいワインが好きぞ！,870,447,601,929,870,872
九十九 宇宙,5PFfa@hero.ne.jp,hrQBb6Cd,83,0,23,25,帝王,FALSE,ミーは辛いワインが好きです。,871,22,955,566,871,873
八島 守,jieipCR0BAFh8Yl@yafoo.co.jp,ySqCPkOD,79,1,44,14,小説家,FALSE,我は美味しいワインが好きですわ。,872,577,313,347,872,874
八島 一,uOsbSUMIAO86-ZD@bezew.ne.jp,IgojfN0K,77,0,9,7,傭兵,FALSE,朕は美味しいワインが好き。,873,553,587,683,873,875
猪狩 守,EvH5ImFDpXgHRQ-@dokoka.ne.jp,Qh6f5JKQ,67,0,17,34,小説家,FALSE,私は渋いワインが好き。,874,941,505,208,874,876
五十嵐 一,0uJ714Yc7xcb@goole.com,7XT9MYSB,20,1,19,30,漁師,TRUE,俺は渋いワインが好きぞ！,875,630,562,261,875,877
三本松 塔哉,mBtdIotNz@bezew.ne.jp,Jr3qjirt,43,0,11,30,猟師,FALSE,俺は美味しいワインが好き。,876,828,266,595,876,878
五十嵐 権三,sd2q4tLB1cTrQQNRX48@hardbank.ne.jp,DY6g6w7v,45,0,10,22,思想家,FALSE,俺は辛いワインが好きよ！,877,726,926,385,877,879
四条 一,UtvxHVY7_w@dokoka.ne.jp,b9qvKihZ,31,1,22,36,プロ野球選手,TRUE,僕は苦いワインが好きですわ。,878,394,667,68,878,880
四条 中,fHV3ot8Qi4qmKv33@bodafone.ne.jp,ac0c5FUL,,1,34,38,銀行員,FALSE,,879,315,12,342,879,881
一之瀬 権三,1sgpZIR0XEs9czte_Xyj@yafoo.co.jp,2hBZiS2H,61,1,40,21,小説家,FALSE,私は苦いワインが好きよ！,880,295,51,55,880,882
三本松 進,PknEVpf2XgpaT@tukuba.ac.jp,vCW4HEr3,34,0,5,16,配管工,FALSE,我は美味しいワインが好きよ！,881,356,163,436,881,883
二宮 権三,K7JmY@bezew.ne.jp,DxreBVAR,51,1,14,9,無職,TRUE,僕は酸っぱいワインが好き。,882,306,349,821,882,884
六本木 塔哉,7nycEHRaXqywgaVaGFw_@goole.com,3nEE6G11,,0,26,28,システムエンジニア,FALSE,我は苦いワインが好きぞ！,883,691,61,315,883,885
二宮 中,0JZ0fxMMw0nNsQ_d7f@ibarakgi.ac.jp,Bpwt37AK,62,1,12,10,システムエンジニア,TRUE,朕は苦いワインが好きですわ。,884,934,790,305,884,886
五十嵐 進,H7qxjs2NcoW71nVPco0U@ibarakgi.ac.jp,0jYxrpqj,64,1,36,37,無職,TRUE,私は酸っぱいワインが好きです。,885,324,59,913,885,887
三本松 守,iKbzDYt7I0VbB56S1RV@bezew.ne.jp,iBVAIzfk,90,0,39,28,猟師,,私は甘いワインが好きですわ。,886,742,362,107,886,888
五十嵐 権三,rgWsSM4sksy5c8i@dokoka.ne.jp,dnHB62az,82,,15,34,医者,FALSE,朕は美味しいワインが好き。,887,981,47,342,887,889
六本木 守,qKPDhono@bodafone.ne.jp,zehw8Xmr,,1,13,45,マフィア,TRUE,俺は苦いワインが好きぞ！,888,372,817,665,888,890
七井 賢二,r_WwOdReOih@hardbank.ne.jp,sQ0uHkdp,67,1,47,42,商社マン,FALSE,私は酸っぱいワインが好きですわ。,889,262,188,923,889,891
八島 中,7zUNgFpOc_R1Ba@hero.ne.jp,9snMFajS,32,0,42,36,公務員,FALSE,,890,588,334,558,890,892
猪狩 賢二,cux2IgxoZ@hero.ne.jp,uG77doJM,,0,31,4,帝王,,俺は甘いワインが好きよ！,891,383,481,699,891,893
七井 賢二,UWbuFCs8YPJU7LMZpSg@goole.com,cCtfsXPy,72,1,30,19,医者,FALSE,,892,135,560,68,892,894
九十九 中,qDkKnWbB6O9r1HX-@bezew.ne.jp,OJHtbv9O,50,0,31,36,商社マン,TRUE,朕は辛いワインが好き。,893,643,151,877,893,895
八島 優希,ZM0xchG@hero.ne.jp,Bucis2d3,45,1,43,13,料理人,TRUE,朕は辛いワインが好きぞ！,894,36,61,844,894,896
四条 宇宙,Su3Mg@dokoka.ne.jp,2RtHA1C6,64,0,26,40,配管工,TRUE,私は渋いワインが好き。,895,840,650,671,895,897
五十嵐 優希,xqD96rQZDy56@dokoka.ne.jp,6TMkCNhA,76,0,3,2,料理人,FALSE,私は苦いワインが好きです。,896,342,904,750,896,898
二宮 権三,48DBG7msX99pf@bezew.ne.jp,4J1ParTu,39,0,36,8,料理人,FALSE,僕は甘いワインが好きです。,897,707,100,683,897,899
九十九 塔哉,n1Dz8lB-kacmWd@yafoo.co.jp,rQOrCVd5,33,0,5,6,大学生,TRUE,俺は酸っぱいワインが好きです。,898,281,888,202,898,900
九十九 一,tI8f8KQnIytie0p@bezew.ne.jp,HIwzkSlq,,1,24,2,政治家,TRUE,我は甘いワインが好きぞ！,899,773,452,702,899,901
四条 一,tGUoAdSY1MUnWjPL3ah@bezew.ne.jp,Aqwv5jN2,21,1,24,41,,FALSE,ミーは辛いワインが好き。,900,2,861,511,900,902
九十九 権三,IUO49RThzkgMqDok@dokoka.ne.jp,18KR4HPi,63,0,10,22,役者,TRUE,俺は酸っぱいワインが好きぞ！,901,525,423,733,901,903
三本松 一,kZ6jmqFmLKhdfV@hero.ne.jp,eGm6OQ9q,36,0,26,5,配管工,FALSE,ミーは美味しいワインが好きぞ！,902,395,640,472,902,904
二宮 権三,GLOePR3LapVE@wiicom.com,X7hdZNez,77,1,2,7,教師,TRUE,我は苦いワインが好きですわ。,903,711,722,805,903,905
七井 守,0_PzBn@hero.ne.jp,enE2IK9z,69,1,9,7,,TRUE,僕は苦いワインが好きですわ。,904,476,480,888,904,906
六本木 塔哉,lmvAwQmJeXmaTVnNiEC@hero.ne.jp,HcwuBnZC,63,1,28,37,,FALSE,私は美味しいワインが好き。,905,983,595,739,905,907
二宮 中,3xbvJ7fXLS@yafoo.co.jp,0OFRCILO,36,,33,25,プロ野球選手,TRUE,朕は酸っぱいワインが好きぞ！,906,422,229,824,906,908
三本松 賢二,xcEE9s9rpCsUEvB7ieJ@wiicom.com,fXlV4QHt,87,0,11,39,商社マン,FALSE,俺は渋いワインが好きぞ！,907,636,178,387,907,909
一之瀬 宇宙,rEiRH@bodafone.ne.jp,8GaJBb7N,46,1,25,7,システムエンジニア,FALSE,朕は甘いワインが好きぞ！,908,211,295,509,908,910
九十九 優希,hNU77J4E2U2FgjktCq@goole.com,VKDK1fwk,34,1,7,47,商社マン,FALSE,私は酸っぱいワインが好きですわ。,909,213,90,748,909,911
八島 一,aZqd0IzJ@bodafone.ne.jp,6rCL3fMm,64,1,36,5,大学生,FALSE,朕は酸っぱいワインが好きぞ！,910,269,393,353,910,912
猪狩 一,00_M1n@yafoo.co.jp,kSKVgpdZ,26,,12,19,料理人,TRUE,私は甘いワインが好きです。,911,843,545,333,911,913
一之瀬 守,RG2LiB9b3Y0S@bodafone.ne.jp,b1ScT4wv,48,0,6,25,商社マン,,我は苦いワインが好き。,912,693,661,638,912,914
一之瀬 賢二,A3S24rpcLW@ibarakgi.ac.jp,Rg1WR2lq,,0,6,40,小説家,FALSE,俺は辛いワインが好きです。,913,559,936,688,913,915
九十九 守,4dy3odxBk@bezew.ne.jp,s6D3SvEP,73,1,7,17,商社マン,FALSE,ミーは苦いワインが好きです。,914,742,962,704,914,916
一之瀬 権三,TAuDnQRKEEPEa3@goole.com,0a7MuFvT,67,1,47,16,教師,TRUE,我は辛いワインが好きぞ！,915,285,374,31,915,917
三本松 宇宙,-VNWkcy49@bezew.ne.jp,o02KUBtb,65,1,25,30,小説家,,我は渋いワインが好き。,916,575,806,987,916,918
四条 進,vpZanyx_rHOHaiHNW@hardbank.ne.jp,wgq2r8no,74,0,25,3,プロ野球選手,FALSE,,917,583,379,695,917,919
四条 宇宙,E_sBs@bezew.ne.jp,3hAvnZ9t,83,0,22,5,教師,FALSE,僕は美味しいワインが好きですわ。,918,477,115,719,918,920
八島 進,H4Dji45L3pW13@wiicom.com,ATk7wCOM,,1,28,10,商社マン,TRUE,朕は酸っぱいワインが好き。,919,520,585,18,919,921
一之瀬 優希,rfENqouGjSJ2abipc@yafoo.co.jp,Hf7Wfb6P,47,1,25,19,役者,TRUE,我は酸っぱいワインが好きぞ！,920,942,625,178,920,922
六本木 優希,5fFnOW@tukuba.ac.jp,2hkC3MxX,52,0,19,32,配管工,TRUE,私は酸っぱいワインが好きですわ。,921,717,969,673,921,923
七井 一,03uEG6GEv@goole.com,LIRaGDlb,77,1,20,36,医者,FALSE,私は甘いワインが好きですわ。,922,363,125,688,922,924
五十嵐 優希,yVaNSP86ZLZE2-7Ft6f0@goole.com,4Ams1L5R,76,0,1,19,,,私は酸っぱいワインが好きです。,923,332,828,601,923,925
猪狩 権三,Be97LujR46IJFgarMc4@yafoo.co.jp,yYwJLTi5,40,1,23,17,大学生,,,924,338,809,4,924,926
一之瀬 塔哉,S2KmP3B0vjHAThNMpBaJ@ibarakgi.ac.jp,SCDc5RFZ,47,1,46,30,教師,FALSE,私は苦いワインが好きですわ。,925,735,590,296,925,927
六本木 権三,qY48nrOmYyWMuBUHQHR3@wiicom.com,yYldRh0W,72,0,22,30,銀行員,,我は辛いワインが好きぞ！,926,702,289,738,926,928
猪狩 守,BKDrppZ4NCh7A@bodafone.ne.jp,rCUIEhNM,54,,14,30,銀行員,FALSE,,927,396,206,144,927,929
九十九 一,vGm-vp93YSD@yafoo.co.jp,aMkmZjkd,32,,16,20,政治家,,ミーは甘いワインが好きですわ。,928,828,856,575,928,930
四条 優希,Kevj3O-DbER3ZDv@bezew.ne.jp,v9KQDutU,74,1,20,14,漁師,,俺は甘いワインが好きぞ！,929,72,639,203,929,931
五十嵐 塔哉,2BFfInId@bodafone.ne.jp,jpsYH3N5,94,0,16,35,,,俺は渋いワインが好きよ！,930,431,543,836,930,932
八島 一,1b677DQIc@bezew.ne.jp,1Abkbt0G,87,1,13,37,小説家,FALSE,私は苦いワインが好きです。,931,357,797,325,931,933
一之瀬 中,S7xCTGkxsMAUkrhIMd4@dokoka.ne.jp,LsZwa4oc,45,1,13,5,漁師,TRUE,ミーは甘いワインが好きですわ。,932,902,53,129,932,934
四条 守,WN2wbhHl@hero.ne.jp,saApqnRq,35,1,15,13,医者,TRUE,俺は美味しいワインが好きですわ。,933,23,630,545,933,935
一之瀬 瑞穂,cxaOgbZZ@hero.ne.jp,fUgrEHCT,47,1,44,18,,,朕は酸っぱいワインが好きよ！,934,51,802,476,934,936
五十嵐 塔哉,L6LB69fcelbuRTGZ7Mo@goole.com,mmFNcO6h,,0,9,26,教師,TRUE,僕は甘いワインが好き。,935,482,236,220,935,937
猪狩 中,d8_FZhFeve6THhZKSqEK@goole.com,KXxwUHOH,89,0,28,40,帝王,TRUE,私は辛いワインが好きです。,936,241,628,232,936,938
九十九 守,ZOr111rz_StplEl@wiicom.com,5XxjmR1l,,1,46,3,役者,TRUE,,937,775,856,295,937,939
八島 宇宙,ellVWKubJiwS@tukuba.ac.jp,hC8JwgRE,57,1,1,9,マフィア,TRUE,僕は辛いワインが好きよ！,938,182,774,755,938,940
四条 一,nq4Uba@dokoka.ne.jp,BV0WTvWN,74,0,41,3,医者,FALSE,僕は美味しいワインが好きですわ。,939,946,78,570,939,941
七井 優希,Bd3T_MamnQX0LbdQFW@bezew.ne.jp,IPxiLXhq,,,27,16,公務員,TRUE,俺は酸っぱいワインが好きぞ！,940,501,190,617,940,942
四条 賢二,mq9cxlBqz@bezew.ne.jp,BYgOqkT9,76,0,3,38,猟師,FALSE,私は苦いワインが好きですわ。,941,74,312,318,941,943
五十嵐 一,wH73l5LLu21@bodafone.ne.jp,O4roUOr0,39,1,7,32,商社マン,FALSE,俺は苦いワインが好きぞ！,942,48,788,933,942,944
一之瀬 優希,2GSm1e@bezew.ne.jp,i7fdGcZo,42,0,35,1,,TRUE,我は辛いワインが好きぞ！,943,69,190,374,943,945
二宮 塔哉,nbx6umPO@tukuba.ac.jp,Nq43d5Jj,,1,21,25,プロ野球選手,TRUE,朕は辛いワインが好きです。,944,408,305,671,944,946
一之瀬 守,8QBqXM461CLzuPNWM@hardbank.ne.jp,FY61zjqE,90,1,4,40,政治家,FALSE,私は苦いワインが好きです。,945,774,501,26,945,947
六本木 塔哉,iWmiIU-xIhBbUZ@goole.com,cn2NxmSD,42,1,10,44,漁師,FALSE,俺は渋いワインが好き。,946,152,108,581,946,948
四条 宇宙,wM8vZM5GacQIPQC9@yafoo.co.jp,E3TNLBVN,26,1,43,42,思想家,TRUE,我は辛いワインが好きよ！,947,204,871,665,947,949
二宮 進,0_qKpCah9jFgYNoyL6P9@hardbank.ne.jp,KnCkhyZG,76,1,44,26,猟師,TRUE,,948,667,265,134,948,950
五十嵐 権三,ECFf-gCt9yBppHw-@goole.com,T0xuQBZx,92,1,28,10,政治家,,僕は苦いワインが好き。,949,783,696,841,949,951
七井 進,tkSPO_6nkSX@hardbank.ne.jp,IuTyP8LS,64,0,47,15,マフィア,FALSE,我は酸っぱいワインが好きです。,950,521,865,946,950,952
九十九 優希,hqPlx@tukuba.ac.jp,gYaShTzi,37,0,45,37,大学生,FALSE,朕は渋いワインが好きぞ！,951,477,540,556,951,953
七井 中,4ZAEmteDdx9BYCJ_Zs@ibarakgi.ac.jp,plM0tOcf,27,0,41,7,銀行員,TRUE,朕は苦いワインが好き。,952,551,807,934,952,954
一之瀬 権三,8VW-n7Xtff5yjW@yafoo.co.jp,x9hV6b7p,75,1,31,39,猟師,FALSE,私は辛いワインが好き。,953,884,727,43,953,955
九十九 賢二,GbC3SluGdXYor@hardbank.ne.jp,H28U4tmR,67,1,26,27,漁師,TRUE,,954,922,74,348,954,956
六本木 瑞穂,csb52y9_emcno@ibarakgi.ac.jp,JmhuZdqI,54,1,47,19,医者,FALSE,僕は甘いワインが好きですわ。,955,474,246,161,955,957
九十九 中,qxfGFbz@hardbank.ne.jp,LVYHqaYT,21,,10,27,教師,FALSE,我は美味しいワインが好きですわ。,956,624,827,898,956,958
八島 権三,5ckqMwDXhrEEs2b1P@bodafone.ne.jp,UpGO1XyB,20,1,14,33,医者,TRUE,僕は酸っぱいワインが好きぞ！,957,921,952,287,957,959
二宮 権三,z1TB71zmTZjj@dokoka.ne.jp,9NS9UKuY,42,1,46,24,公務員,FALSE,私は渋いワインが好き。,958,232,216,180,958,960
五十嵐 進,AwPF9@bezew.ne.jp,E8HOhVk9,86,0,23,10,配管工,FALSE,僕は甘いワインが好きです。,959,980,944,901,959,961
猪狩 中,UIwXmpu@bodafone.ne.jp,Mfu4qrYf,98,0,12,13,商社マン,,私は辛いワインが好きですわ。,960,555,349,735,960,962
三本松 一,x0OGRehQ@wiicom.com,k7fl2qyi,51,0,22,10,役者,FALSE,我は辛いワインが好きよ！,961,645,593,414,961,963
三本松 賢二,x_0WgCuLCYb@tukuba.ac.jp,rc7twWiZ,63,0,2,34,銀行員,FALSE,朕は渋いワインが好きぞ！,962,784,56,237,962,964
四条 塔哉,8wPV73zIzm@bodafone.ne.jp,FeYye9ZX,55,0,37,6,公務員,,ミーは美味しいワインが好きぞ！,963,9,405,806,963,965
八島 一,7n8ch-lYvN-ZwTCl@tukuba.ac.jp,BSfCiA81,,1,16,39,商社マン,FALSE,俺は美味しいワインが好きよ！,964,57,813,497,964,966
八島 瑞穂,L-6faMGWIu-Qqlprs@ibarakgi.ac.jp,cJF5zJ5L,39,0,47,41,無職,FALSE,朕は渋いワインが好き。,965,604,638,732,965,967
八島 一,qmMruPRg@ibarakgi.ac.jp,JLbdlMKa,36,1,23,1,教師,FALSE,私は甘いワインが好きですわ。,966,308,993,535,966,968
七井 進,dN63z@bezew.ne.jp,kYp4htdF,70,0,4,14,思想家,TRUE,ミーは渋いワインが好きです。,967,489,836,247,967,969
一之瀬 優希,lcMJFeKB0@goole.com,SPdCRTlm,30,1,40,9,公務員,FALSE,私は渋いワインが好き。,968,160,470,47,968,970
二宮 塔哉,hRXe73q1Upo9kd3Xp@goole.com,JQKJ4cYq,38,1,15,23,思想家,TRUE,朕は渋いワインが好き。,969,345,951,988,969,971
一之瀬 権三,9eRe4SP_6_7@hero.ne.jp,XiA1X0IQ,29,0,31,27,料理人,TRUE,我は甘いワインが好き。,970,489,199,435,970,972
六本木 塔哉,sucJ9KCTOwcYEGFR0@dokoka.ne.jp,pGpZBQsC,29,1,17,14,無職,FALSE,ミーは酸っぱいワインが好きぞ！,971,42,126,595,971,973
六本木 優希,tQfFNS@hero.ne.jp,kxRpZDEH,73,0,4,24,マフィア,FALSE,俺は渋いワインが好きですわ。,972,240,132,92,972,974
四条 中,oh9F6B1MEWk@hardbank.ne.jp,xLbtgX26,72,1,32,21,料理人,TRUE,私は辛いワインが好きですわ。,973,239,886,748,973,975
三本松 守,F0Y4Wm4yXKBwvBh9ek@wiicom.com,96cDiuDl,97,0,31,24,公務員,TRUE,,974,197,671,300,974,976
三本松 瑞穂,nQaqmpN8bqsjrU@tukuba.ac.jp,BPkEV0cx,33,1,1,47,漁師,TRUE,俺は美味しいワインが好き。,975,469,729,405,975,977
九十九 進,JelsQu1l-AiwBZF7Z@hero.ne.jp,K1CMF6kJ,,1,38,13,思想家,FALSE,ミーは美味しいワインが好きですわ。,976,928,289,337,976,978
五十嵐 守,rl3Uzj839DY4u6ff@dokoka.ne.jp,LPDAO9ak,62,1,5,15,役者,FALSE,俺は甘いワインが好きですわ。,977,716,906,279,977,979
六本木 塔哉,GJM2y0Jxq7quIIDCUB@hero.ne.jp,Hf4DF6CJ,91,0,17,47,無職,FALSE,僕は酸っぱいワインが好きですわ。,978,352,25,286,978,980
八島 一,eApWO@dokoka.ne.jp,zvzSlTc0,62,1,27,17,小説家,TRUE,朕は辛いワインが好きですわ。,979,175,644,521,979,981
六本木 瑞穂,eQVqV9VGgjBc@dokoka.ne.jp,SHvhtTWB,85,0,30,39,公務員,FALSE,ミーは甘いワインが好きです。,980,931,905,152,980,982
二宮 瑞穂,HzxNRohVWFG_I@goole.com,T0V8rF27,76,1,40,29,猟師,FALSE,ミーは酸っぱいワインが好き。,981,810,392,607,981,983
二宮 守,lgRXBgmb0U@wiicom.com,NqIOKrbM,46,0,4,5,政治家,TRUE,俺は渋いワインが好きです。,982,624,424,600,982,984
六本木 賢二,AOHDuqPMlc@goole.com,RudVdCgL,22,1,26,36,大学生,TRUE,朕は辛いワインが好き。,983,66,32,474,983,985
四条 守,dDhHfqnpGtEfzlom0fK@bezew.ne.jp,sQYZZYOI,63,1,47,25,マフィア,,僕は酸っぱいワインが好き。,984,710,679,886,984,986
猪狩 進,89UCDhd4S@ibarakgi.ac.jp,Wn02lU7T,72,1,35,8,役者,TRUE,朕は美味しいワインが好きです。,985,739,973,274,985,987
八島 瑞穂,HyAcHX00388@dokoka.ne.jp,UR6ZYkBX,99,1,3,15,大学生,FALSE,朕は苦いワインが好きぞ！,986,210,431,208,986,988
一之瀬 進,TAmPhmQZShE7SLld@bodafone.ne.jp,bS3hO60r,94,0,15,8,マフィア,TRUE,俺は美味しいワインが好きぞ！,987,533,174,477,987,989
猪狩 塔哉,L4Ik1ufuLYA@dokoka.ne.jp,lTISxOMt,98,1,30,15,,TRUE,僕は甘いワインが好きよ！,988,553,524,83,988,990
九十九 中,gur_Y@bodafone.ne.jp,PtbzmLFJ,39,0,25,30,漁師,FALSE,僕は美味しいワインが好きぞ！,989,513,432,237,989,991
一之瀬 中,rPFxu@bodafone.ne.jp,NBA5hxAI,47,1,14,3,政治家,,俺は渋いワインが好き。,990,549,562,51,990,992
七井 権三,Mr6rmeWjzYN_@tukuba.ac.jp,pKCRevcQ,20,0,18,40,政治家,FALSE,朕は甘いワインが好き。,991,367,140,622,991,993
一之瀬 権三,_hOktvocMU@ibarakgi.ac.jp,O57fqBPK,82,0,14,1,傭兵,TRUE,朕は酸っぱいワインが好きですわ。,992,570,622,178,992,994
八島 塔哉,8CJHyhcZD2b@bodafone.ne.jp,uKIkLek1,21,1,8,46,医者,TRUE,俺は美味しいワインが好きよ！,993,719,944,396,993,995
四条 守,G-tKHaVqenHgfP_m@wiicom.com,rwIQi3cV,25,0,39,2,料理人,TRUE,我は美味しいワインが好きです。,994,562,246,413,994,996
三本松 進,FYtSjXv8CIuedD@bodafone.ne.jp,vyp64CMA,59,1,40,14,猟師,TRUE,我は酸っぱいワインが好きですわ。,995,242,517,698,995,997
五十嵐 瑞穂,wxTWrHguPL57vYxArK9@bodafone.ne.jp,jY57S2cs,91,0,1,22,大学生,FALSE,俺は酸っぱいワインが好きですわ。,996,539,857,638,996,998
七井 一,2B7pceLS@yafoo.co.jp,1V4aXr3v,84,0,33,1,漁師,TRUE,ミーは酸っぱいワインが好きですわ。,997,692,837,865,997,999
九十九 賢二,H6RkxU1qw@dokoka.ne.jp,OVWMJGJN,41,1,27,40,役者,FALSE,我は美味しいワインが好きぞ！,998,754,808,162,998,1000
八島 一,XWht_@yafoo.co.jp,mfB6V6Ej,90,1,35,7,教師,TRUE,朕は渋いワインが好きですわ。,999,808,450,372,999,1001